Workbook

Sheet Dashboard
A1: WhatsApp Campaign Dashboard
A2: Face + Weight Rs. 499 campaign tracker for GardenSuite. Update statuses in the WhatsApp Tracker tab.
A4: Total leads | B4: Send list | C4: Sent | D4: Interested | E4: Clicked | F4: Demo booked | G4: Follow-up due | H4: Bad or check no.
A5: =COUNTA('WhatsApp Tracker'!A2:A500) -> 499 | B5: =COUNTIF('WhatsApp Tracker'!L2:L500,"Send") -> 115 | C5: =COUNTIF('WhatsApp Tracker'!T2:T500,"Sent")+COUNTIF('WhatsApp Tracker'!T2:T500,"Delivered")+COUNTIF('WhatsApp Tracker'!T2:T500,"Read") -> 31 | D5: =COUNTIF('WhatsApp Tracker'!U2:U500,"Interested")+COUNTIF('WhatsApp Tracker'!U2:U500,"Demo booked") -> 1 | E5: =COUNTIF('WhatsApp Tracker'!V2:V500,"Yes") -> 0 | F5: =COUNTIF('WhatsApp Tracker'!W2:W500,"Booked")+COUNTIF('WhatsApp Tracker'!U2:U500,"Demo booked") -> 1 | G5: =COUNTIFS('WhatsApp Tracker'!X2:X500,"<="&TODAY(),'WhatsApp Tracker'!X2:X500,">0",'WhatsApp Tracker'!Y2:Y500,"") -> 0 | H5: =COUNTIF('WhatsApp Tracker'!K2:K500,"Check")+COUNTIF('WhatsApp Tracker'!U2:U500,"Bad number") -> 1
A8: Send Funnel | D8: Reply Breakdown | G8: Action Queue
A9: Status | B9: Count | D9: Status | E9: Count | G9: Status | H9: Count
A10: Not sent | B10: =COUNTIF('WhatsApp Tracker'!T2:T500,"Not sent") -> 464 | D10: No reply | E10: =COUNTIF('WhatsApp Tracker'!U2:U500,"No reply") -> 0 | G10: Send WhatsApp | H10: =COUNTIF('WhatsApp Tracker'!AA2:AA500,"Send WhatsApp") -> 80
A11: Sent | B11: =COUNTIF('WhatsApp Tracker'!T2:T500,"Sent") -> 6 | D11: Replied | E11: =COUNTIF('WhatsApp Tracker'!U2:U500,"Replied") -> 0 | G11: Send follow-up | H11: =COUNTIF('WhatsApp Tracker'!AA2:AA500,"Send follow-up") -> 0
A12: Delivered | B12: =COUNTIF('WhatsApp Tracker'!T2:T500,"Delivered") -> 24 | D12: Interested | E12: =COUNTIF('WhatsApp Tracker'!U2:U500,"Interested") -> 0 | G12: Prepare demo | H12: =COUNTIF('WhatsApp Tracker'!AA2:AA500,"Prepare demo") -> 1
A13: Read | B13: =COUNTIF('WhatsApp Tracker'!T2:T500,"Read") -> 1 | D13: Demo booked | E13: =COUNTIF('WhatsApp Tracker'!U2:U500,"Demo booked") -> 1 | G13: Review | H13: =COUNTIF('WhatsApp Tracker'!AA2:AA500,"Review") -> 34
A14: Failed | B14: =COUNTIF('WhatsApp Tracker'!T2:T500,"Failed") -> 4 | D14: Not interested | E14: =COUNTIF('WhatsApp Tracker'!U2:U500,"Not interested") -> 0 | G14: Do not send | H14: =COUNTIF('WhatsApp Tracker'!AA2:AA500,"Do not send") -> 384
D17: Recommended WhatsApp message
D18: Face attendance + leaf weight for tea gardens. Starts from Rs. 499/month.* https://gardensuite.in/w/face-weight-499
A25: Color key
A26: Good / positive
A27: Pending / action needed
A28: Problem / stop
A29: In progress / response
A30: No reply

Sheet Work Queue
A1: Work Queue
A2: Sort by Sort Score ascending. Source Rank keeps Google Maps and directory contacts below direct CRM/list contacts.
A4: Sort Score | B4: Next Action | C4: Priority | D4: Source Rank | E4: Source Type | F4: Client Name | G4: Tea Garden | H4: WhatsApp Number | I4: Delivery | J4: Reply | K4: Clicked | L4: Demo | M4: Follow-up Due | N4: Verification | O4: Notes
A5: ='WhatsApp Tracker'!AH3 -> 4136 | B5: ='WhatsApp Tracker'!AA3 -> Review | C5: ='WhatsApp Tracker'!M3 -> Normal | D5: ='WhatsApp Tracker'!AN3 -> 1 | E5: ='WhatsApp Tracker'!AL3 -> Original CRM/manual campaign tracker | F5: ='WhatsApp Tracker'!B3 -> Sarojini Tea Company P.V.T L.MD | G5: ='WhatsApp Tracker'!C3 -> p baruah | H5: ='WhatsApp Tracker'!D3 -> 7002483957 | I5: ='WhatsApp Tracker'!T3 -> Sent | J5: ='WhatsApp Tracker'!U3 -> Unknown | K5: ='WhatsApp Tracker'!V3 -> Unknown | L5: ='WhatsApp Tracker'!W3 -> Not offered | M5: ='WhatsApp Tracker'!X3 | N5: ='WhatsApp Tracker'!AM3 -> Existing CRM lead | O5: ='WhatsApp Tracker'!AC3 -> 0
A6: ='WhatsApp Tracker'!AH9 -> 3136 | B6: ='WhatsApp Tracker'!AA9 -> Send WhatsApp | C6: ='WhatsApp Tracker'!M9 -> Normal | D6: ='WhatsApp Tracker'!AN9 -> 1 | E6: ='WhatsApp Tracker'!AL9 -> Original CRM/manual campaign tracker | F6: ='WhatsApp Tracker'!B9 -> Dekhari T.E ( unit 1 ) | G6: ='WhatsApp Tracker'!C9 -> 0 | H6: ='WhatsApp Tracker'!D9 -> 6001684868 | I6: ='WhatsApp Tracker'!T9 -> Not sent | J6: ='WhatsApp Tracker'!U9 -> Unknown | K6: ='WhatsApp Tracker'!V9 -> Unknown | L6: ='WhatsApp Tracker'!W9 -> Not offered | M6: ='WhatsApp Tracker'!X9 | N6: ='WhatsApp Tracker'!AM9 -> Existing CRM lead | O6: ='WhatsApp Tracker'!AC9 -> 0
A7: ='WhatsApp Tracker'!AH13 -> 3136 | B7: ='WhatsApp Tracker'!AA13 -> Send WhatsApp | C7: ='WhatsApp Tracker'!M13 -> Normal | D7: ='WhatsApp Tracker'!AN13 -> 1 | E7: ='WhatsApp Tracker'!AL13 -> Original CRM/manual campaign tracker | F7: ='WhatsApp Tracker'!B13 -> Madhuting T.E | G7: ='WhatsApp Tracker'!C13 -> 0 | H7: ='WhatsApp Tracker'!D13 -> 8876321148 | I7: ='WhatsApp Tracker'!T13 -> Not sent | J7: ='WhatsApp Tracker'!U13 -> Unknown | K7: ='WhatsApp Tracker'!V13 -> Unknown | L7: ='WhatsApp Tracker'!W13 -> Not offered | M7: ='WhatsApp Tracker'!X13 | N7: ='WhatsApp Tracker'!AM13 -> Existing CRM lead | O7: ='WhatsApp Tracker'!AC13 -> 0
A8: ='WhatsApp Tracker'!AH14 -> 3136 | B8: ='WhatsApp Tracker'!AA14 -> Send WhatsApp | C8: ='WhatsApp Tracker'!M14 -> Normal | D8: ='WhatsApp Tracker'!AN14 -> 1 | E8: ='WhatsApp Tracker'!AL14 -> Original CRM/manual campaign tracker | F8: ='WhatsApp Tracker'!B14 -> Mayajan T.E | G8: ='WhatsApp Tracker'!C14 -> 0 | H8: ='WhatsApp Tracker'!D14 -> 8876426227 | I8: ='WhatsApp Tracker'!T14 -> Not sent | J8: ='WhatsApp Tracker'!U14 -> Unknown | K8: ='WhatsApp Tracker'!V14 -> Unknown | L8: ='WhatsApp Tracker'!W14 -> Not offered | M8: ='WhatsApp Tracker'!X14 | N8: ='WhatsApp Tracker'!AM14 -> Existing CRM lead | O8: ='WhatsApp Tracker'!AC14 -> 0
A9: ='WhatsApp Tracker'!AH16 -> 4436 | B9: ='WhatsApp Tracker'!AA16 -> Review | C9: ='WhatsApp Tracker'!M16 -> Normal | D9: ='WhatsApp Tracker'!AN16 -> 4 | E9: ='WhatsApp Tracker'!AL16 -> Google Maps enrichment | F9: ='WhatsApp Tracker'!B16 -> Amulguri T.E. | G9: ='WhatsApp Tracker'!C16 -> Amulguri T.E. | H9: ='WhatsApp Tracker'!D16 -> 8011322474 | I9: ='WhatsApp Tracker'!T16 -> Delivered | J9: ='WhatsApp Tracker'!U16 -> Unknown | K9: ='WhatsApp Tracker'!V16 -> Unknown | L9: ='WhatsApp Tracker'!W16 -> Not offered | M9: ='WhatsApp Tracker'!X16 | N9: ='WhatsApp Tracker'!AM16 -> Lower priority: Maps result cannot be verified without manual check | O9: ='WhatsApp Tracker'!AC16 -> Imported from extract_garden. Confidence: High. Direct estate number list; Generated garden export. District: Dibrugarh State: Assam; Original personal number. Phone type: Other. In original list: Yes
A10: ='WhatsApp Tracker'!AH19 -> 4436 | B10: ='WhatsApp Tracker'!AA19 -> Review | C10: ='WhatsApp Tracker'!M19 -> Normal | D10: ='WhatsApp Tracker'!AN19 -> 4 | E10: ='WhatsApp Tracker'!AL19 -> Google Maps enrichment | F10: ='WhatsApp Tracker'!B19 -> Asitpur T.E. | G10: ='WhatsApp Tracker'!C19 -> Asitpur T.E. | H10: ='WhatsApp Tracker'!D19 -> 9954446448 | I10: ='WhatsApp Tracker'!T19 -> Failed | J10: ='WhatsApp Tracker'!U19 -> Unknown | K10: ='WhatsApp Tracker'!V19 -> Unknown | L10: ='WhatsApp Tracker'!W19 -> Not offered | M10: ='WhatsApp Tracker'!X19 | N10: ='WhatsApp Tracker'!AM19 -> Lower priority: Maps result cannot be verified without manual check | O10: ='WhatsApp Tracker'!AC19 -> NOT WHATSAPP NO
A11: ='WhatsApp Tracker'!AH20 -> 4436 | B11: ='WhatsApp Tracker'!AA20 -> Review | C11: ='WhatsApp Tracker'!M20 -> Normal | D11: ='WhatsApp Tracker'!AN20 -> 4 | E11: ='WhatsApp Tracker'!AL20 -> Google Maps enrichment | F11: ='WhatsApp Tracker'!B20 -> Bipinbag T.E. | G11: ='WhatsApp Tracker'!C20 -> Bipinbag T.E. | H11: ='WhatsApp Tracker'!D20 -> 6901259873 | I11: ='WhatsApp Tracker'!T20 -> Failed | J11: ='WhatsApp Tracker'!U20 -> Unknown | K11: ='WhatsApp Tracker'!V20 -> Unknown | L11: ='WhatsApp Tracker'!W20 -> Not offered | M11: ='WhatsApp Tracker'!X20 | N11: ='WhatsApp Tracker'!AM20 -> Lower priority: Maps result cannot be verified without manual check | O11: ='WhatsApp Tracker'!AC20 -> NOT WHATSAPP NO
A12: ='WhatsApp Tracker'!AH22 -> 4436 | B12: ='WhatsApp Tracker'!AA22 -> Review | C12: ='WhatsApp Tracker'!M22 -> Normal | D12: ='WhatsApp Tracker'!AN22 -> 4 | E12: ='WhatsApp Tracker'!AL22 -> Google Maps enrichment | F12: ='WhatsApp Tracker'!B22 -> Dinjan T.E. | G12: ='WhatsApp Tracker'!C22 -> Dinjan T.E. | H12: ='WhatsApp Tracker'!D22 -> 9954440448 | I12: ='WhatsApp Tracker'!T22 -> Delivered | J12: ='WhatsApp Tracker'!U22 -> Unknown | K12: ='WhatsApp Tracker'!V22 -> Unknown | L12: ='WhatsApp Tracker'!W22 -> Not offered | M12: ='WhatsApp Tracker'!X22 | N12: ='WhatsApp Tracker'!AM22 -> Lower priority: Maps result cannot be verified without manual check | O12: ='WhatsApp Tracker'!AC22 -> Imported from extract_garden. Confidence: High. Direct estate number list; Generated garden export. District: Dibrugarh State: Assam; Original personal number. Phone type: . In original list: Yes
A13: ='WhatsApp Tracker'!AH26 -> 1431 | B13: ='WhatsApp Tracker'!AA26 -> Prepare demo | C13: ='WhatsApp Tracker'!M26 -> Normal | D13: ='WhatsApp Tracker'!AN26 -> 4 | E13: ='WhatsApp Tracker'!AL26 -> Google Maps enrichment | F13: ='WhatsApp Tracker'!B26 -> Harishpur T.E. | G13: ='WhatsApp Tracker'!C26 -> Harishpur T.E. | H13: ='WhatsApp Tracker'!D26 -> 8486071764 | I13: ='WhatsApp Tracker'!T26 -> Read | J13: ='WhatsApp Tracker'!U26 -> Demo booked | K13: ='WhatsApp Tracker'!V26 -> Unknown | L13: ='WhatsApp Tracker'!W26 -> Completed | M13: ='WhatsApp Tracker'!X26 | N13: ='WhatsApp Tracker'!AM26 -> Lower priority: Maps result cannot be verified without manual check | O13: ='WhatsApp Tracker'!AC26 -> Imported from extract_garden. Confidence: High. Direct estate number list; Generated garden export. District: Dibrugarh State: Assam; Original personal number. Phone type: Other. In original list: Yes
A14: ='WhatsApp Tracker'!AH27 -> 4436 | B14: ='WhatsApp Tracker'!AA27 -> Review | C14: ='WhatsApp Tracker'!M27 -> Normal | D14: ='WhatsApp Tracker'!AN27 -> 4 | E14: ='WhatsApp Tracker'!AL27 -> Google Maps enrichment | F14: ='WhatsApp Tracker'!B27 -> Ida T.E. | G14: ='WhatsApp Tracker'!C27 -> Ida T.E. | H14: ='WhatsApp Tracker'!D27 -> 9365878796 | I14: ='WhatsApp Tracker'!T27 -> Failed | J14: ='WhatsApp Tracker'!U27 -> Unknown | K14: ='WhatsApp Tracker'!V27 -> Unknown | L14: ='WhatsApp Tracker'!W27 -> Not offered | M14: ='WhatsApp Tracker'!X27 | N14: ='WhatsApp Tracker'!AM27 -> Lower priority: Maps result cannot be verified without manual check | O14: ='WhatsApp Tracker'!AC27 -> Imported from extract_garden. Confidence: High. Direct estate number list; Generated garden export. District: Dibrugarh State: Assam; Original personal number. Phone type: Other. In original list: Yes
A15: ='WhatsApp Tracker'!AH29 -> 4436 | B15: ='WhatsApp Tracker'!AA29 -> Review | C15: ='WhatsApp Tracker'!M29 -> Normal | D15: ='WhatsApp Tracker'!AN29 -> 4 | E15: ='WhatsApp Tracker'!AL29 -> Google Maps enrichment | F15: ='WhatsApp Tracker'!B29 -> Kaliapani T.E. | G15: ='WhatsApp Tracker'!C29 -> Kaliapani T.E. | H15: ='WhatsApp Tracker'!D29 -> 7002201299 | I15: ='WhatsApp Tracker'!T29 -> Delivered | J15: ='WhatsApp Tracker'!U29 -> Unknown | K15: ='WhatsApp Tracker'!V29 -> Unknown | L15: ='WhatsApp Tracker'!W29 -> Not offered | M15: ='WhatsApp Tracker'!X29 | N15: ='WhatsApp Tracker'!AM29 -> Lower priority: Maps result cannot be verified without manual check | O15: ='WhatsApp Tracker'!AC29 -> Imported from extract_garden. Confidence: High. Direct estate number list; Generated garden export. District: Dibrugarh State: Assam; Original personal number. Phone type: . In original list: Yes
A16: ='WhatsApp Tracker'!AH30 -> 4436 | B16: ='WhatsApp Tracker'!AA30 -> Review | C16: ='WhatsApp Tracker'!M30 -> Normal | D16: ='WhatsApp Tracker'!AN30 -> 4 | E16: ='WhatsApp Tracker'!AL30 -> Google Maps enrichment | F16: ='WhatsApp Tracker'!B30 -> L. K. Tea Company Pvt. Ltd. | G16: ='WhatsApp Tracker'!C30 -> L. K. Tea Company Pvt. Ltd. | H16: ='WhatsApp Tracker'!D30 -> 9101799542 | I16: ='WhatsApp Tracker'!T30 -> Sent | J16: ='WhatsApp Tracker'!U30 -> Unknown | K16: ='WhatsApp Tracker'!V30 -> Unknown | L16: ='WhatsApp Tracker'!W30 -> Not offered | M16: ='WhatsApp Tracker'!X30 | N16: ='WhatsApp Tracker'!AM30 -> Lower priority: Maps result cannot be verified without manual check | O16: ='WhatsApp Tracker'!AC30 -> Imported from extract_garden. Confidence: High. Direct estate number list; Generated garden export. District: Dibrugarh State: Assam; Original personal number. Phone type: Landline (Dibrugarh). In original list: Yes
A17: ='WhatsApp Tracker'!AH31 -> 4436 | B17: ='WhatsApp Tracker'!AA31 -> Review | C17: ='WhatsApp Tracker'!M31 -> Normal | D17: ='WhatsApp Tracker'!AN31 -> 4 | E17: ='WhatsApp Tracker'!AL31 -> Google Maps enrichment | F17: ='WhatsApp Tracker'!B31 -> Madhuban T.E. | G17: ='WhatsApp Tracker'!C31 -> Madhuban T.E. | H17: ='WhatsApp Tracker'!D31 -> 9707897688 | I17: ='WhatsApp Tracker'!T31 -> Delivered | J17: ='WhatsApp Tracker'!U31 -> Unknown | K17: ='WhatsApp Tracker'!V31 -> Unknown | L17: ='WhatsApp Tracker'!W31 -> Not offered | M17: ='WhatsApp Tracker'!X31 | N17: ='WhatsApp Tracker'!AM31 -> Lower priority: Maps result cannot be verified without manual check | O17: ='WhatsApp Tracker'!AC31 -> Imported from extract_garden. Confidence: High. Direct estate number list; Generated garden export. District: Dibrugarh State: Assam; Original personal number. Phone type: Other. In original list: Yes
A18: ='WhatsApp Tracker'!AH32 -> 4436 | B18: ='WhatsApp Tracker'!AA32 -> Review | C18: ='WhatsApp Tracker'!M32 -> Normal | D18: ='WhatsApp Tracker'!AN32 -> 4 | E18: ='WhatsApp Tracker'!AL32 -> Google Maps enrichment | F18: ='WhatsApp Tracker'!B32 -> Moud Tea & Seed Co. Ltd. | G18: ='WhatsApp Tracker'!C32 -> Moud Tea & Seed Co. Ltd. | H18: ='WhatsApp Tracker'!D32 -> 9613282165 | I18: ='WhatsApp Tracker'!T32 -> Delivered | J18: ='WhatsApp Tracker'!U32 -> Unknown | K18: ='WhatsApp Tracker'!V32 -> Unknown | L18: ='WhatsApp Tracker'!W32 -> Not offered | M18: ='WhatsApp Tracker'!X32 | N18: ='WhatsApp Tracker'!AM32 -> Lower priority: Maps result cannot be verified without manual check | O18: ='WhatsApp Tracker'!AC32 -> Imported from extract_garden. Confidence: High. Direct estate number list; Generated garden export. District: Dibrugarh State: Assam; Original personal number. Phone type: Other. In original list: Yes
A19: ='WhatsApp Tracker'!AH37 -> 4436 | B19: ='WhatsApp Tracker'!AA37 -> Review | C19: ='WhatsApp Tracker'!M37 -> Normal | D19: ='WhatsApp Tracker'!AN37 -> 4 | E19: ='WhatsApp Tracker'!AL37 -> Google Maps enrichment | F19: ='WhatsApp Tracker'!B37 -> Sadasiva T.E. | G19: ='WhatsApp Tracker'!C37 -> Sadasiva T.E. | H19: ='WhatsApp Tracker'!D37 -> 9435031577 | I19: ='WhatsApp Tracker'!T37 -> Delivered | J19: ='WhatsApp Tracker'!U37 -> Unknown | K19: ='WhatsApp Tracker'!V37 -> Unknown | L19: ='WhatsApp Tracker'!W37 -> Not offered | M19: ='WhatsApp Tracker'!X37 | N19: ='WhatsApp Tracker'!AM37 -> Lower priority: Maps result cannot be verified without manual check | O19: ='WhatsApp Tracker'!AC37 -> Imported from extract_garden. Confidence: High. Direct estate number list; Generated garden export. District: Dibrugarh State: Assam; Original personal number. Phone type: Landline (Dibrugarh). In original list: Yes; Parsed from Assam Tea Directory row, verify before sending
A20: ='WhatsApp Tracker'!AH103 -> 3336 | B20: ='WhatsApp Tracker'!AA103 -> Send WhatsApp | C20: ='WhatsApp Tracker'!M103 -> Normal | D20: ='WhatsApp Tracker'!AN103 -> 3 | E20: ='WhatsApp Tracker'!AL103 -> Email/telephone workbook | F20: ='WhatsApp Tracker'!B103 -> NEETINNAGAR | G20: ='WhatsApp Tracker'!C103 -> NEETINNAGAR | H20: ='WhatsApp Tracker'!D103 -> 9435053486 | I20: ='WhatsApp Tracker'!T103 -> Not sent | J20: ='WhatsApp Tracker'!U103 -> Unknown | K20: ='WhatsApp Tracker'!V103 -> Unknown | L20: ='WhatsApp Tracker'!W103 -> Not offered | M20: ='WhatsApp Tracker'!X103 | N20: ='WhatsApp Tracker'!AM103 -> Medium confidence, parsed from text block | O20: ='WhatsApp Tracker'!AC103 -> Imported from extract_garden. Confidence: Medium. Parsed from text block in email/telephone workbook; Parsed from Assam Tea Directory row, verify before sending
A21: ='WhatsApp Tracker'!AH104 -> 3336 | B21: ='WhatsApp Tracker'!AA104 -> Send WhatsApp | C21: ='WhatsApp Tracker'!M104 -> Normal | D21: ='WhatsApp Tracker'!AN104 -> 3 | E21: ='WhatsApp Tracker'!AL104 -> Email/telephone workbook | F21: ='WhatsApp Tracker'!B104 -> PRABHAT | G21: ='WhatsApp Tracker'!C104 -> PRABHAT | H21: ='WhatsApp Tracker'!D104 -> 9435567873 | I21: ='WhatsApp Tracker'!T104 -> Not sent | J21: ='WhatsApp Tracker'!U104 -> Unknown | K21: ='WhatsApp Tracker'!V104 -> Unknown | L21: ='WhatsApp Tracker'!W104 -> Not offered | M21: ='WhatsApp Tracker'!X104 | N21: ='WhatsApp Tracker'!AM104 -> Medium confidence, parsed from text block | O21: ='WhatsApp Tracker'!AC104 -> Imported from extract_garden. Confidence: Medium. Parsed from text block in email/telephone workbook; Parsed from Assam Tea Directory row, verify before sending
A22: ='WhatsApp Tracker'!AH105 -> 3336 | B22: ='WhatsApp Tracker'!AA105 -> Send WhatsApp | C22: ='WhatsApp Tracker'!M105 -> Normal | D22: ='WhatsApp Tracker'!AN105 -> 3 | E22: ='WhatsApp Tracker'!AL105 -> Email/telephone workbook | F22: ='WhatsApp Tracker'!B105 -> PRABHAT | G22: ='WhatsApp Tracker'!C105 -> PRABHAT | H22: ='WhatsApp Tracker'!D105 -> 9831090900 | I22: ='WhatsApp Tracker'!T105 -> Not sent | J22: ='WhatsApp Tracker'!U105 -> Unknown | K22: ='WhatsApp Tracker'!V105 -> Unknown | L22: ='WhatsApp Tracker'!W105 -> Not offered | M22: ='WhatsApp Tracker'!X105 | N22: ='WhatsApp Tracker'!AM105 -> Medium confidence, parsed from text block | O22: ='WhatsApp Tracker'!AC105 -> Imported from extract_garden. Confidence: Medium. Parsed from text block in email/telephone workbook; Parsed from Assam Tea Directory row, verify before sending
A23: ='WhatsApp Tracker'!AH106 -> 3336 | B23: ='WhatsApp Tracker'!AA106 -> Send WhatsApp | C23: ='WhatsApp Tracker'!M106 -> Normal | D23: ='WhatsApp Tracker'!AN106 -> 3 | E23: ='WhatsApp Tracker'!AL106 -> Email/telephone workbook | F23: ='WhatsApp Tracker'!B106 -> SOTAI | G23: ='WhatsApp Tracker'!C106 -> SOTAI | H23: ='WhatsApp Tracker'!D106 -> 9864049079 | I23: ='WhatsApp Tracker'!T106 -> Not sent | J23: ='WhatsApp Tracker'!U106 -> Unknown | K23: ='WhatsApp Tracker'!V106 -> Unknown | L23: ='WhatsApp Tracker'!W106 -> Not offered | M23: ='WhatsApp Tracker'!X106 | N23: ='WhatsApp Tracker'!AM106 -> Medium confidence, parsed from text block | O23: ='WhatsApp Tracker'!AC106 -> Imported from extract_garden. Confidence: Medium. Parsed from text block in email/telephone workbook; Parsed from Assam Tea Directory row, verify before sending
A24: ='WhatsApp Tracker'!AH107 -> 3336 | B24: ='WhatsApp Tracker'!AA107 -> Send WhatsApp | C24: ='WhatsApp Tracker'!M107 -> Normal | D24: ='WhatsApp Tracker'!AN107 -> 3 | E24: ='WhatsApp Tracker'!AL107 -> Email/telephone workbook | F24: ='WhatsApp Tracker'!B107 -> DALOWJAN | G24: ='WhatsApp Tracker'!C107 -> DALOWJAN | H24: ='WhatsApp Tracker'!D107 -> 9435515703 | I24: ='WhatsApp Tracker'!T107 -> Not sent | J24: ='WhatsApp Tracker'!U107 -> Unknown | K24: ='WhatsApp Tracker'!V107 -> Unknown | L24: ='WhatsApp Tracker'!W107 -> Not offered | M24: ='WhatsApp Tracker'!X107 | N24: ='WhatsApp Tracker'!AM107 -> Medium confidence, parsed from text block | O24: ='WhatsApp Tracker'!AC107 -> Imported from extract_garden. Confidence: Medium. Parsed from text block in email/telephone workbook; Parsed from Assam Tea Directory row, verify before sending
A25: ='WhatsApp Tracker'!AH108 -> 3336 | B25: ='WhatsApp Tracker'!AA108 -> Send WhatsApp | C25: ='WhatsApp Tracker'!M108 -> Normal | D25: ='WhatsApp Tracker'!AN108 -> 3 | E25: ='WhatsApp Tracker'!AL108 -> Email/telephone workbook | F25: ='WhatsApp Tracker'!B108 -> GREEN VIEW | G25: ='WhatsApp Tracker'!C108 -> GREEN VIEW | H25: ='WhatsApp Tracker'!D108 -> 9678053864 | I25: ='WhatsApp Tracker'!T108 -> Not sent | J25: ='WhatsApp Tracker'!U108 -> Unknown | K25: ='WhatsApp Tracker'!V108 -> Unknown | L25: ='WhatsApp Tracker'!W108 -> Not offered | M25: ='WhatsApp Tracker'!X108 | N25: ='WhatsApp Tracker'!AM108 -> Medium confidence, parsed from text block | O25: ='WhatsApp Tracker'!AC108 -> Imported from extract_garden. Confidence: Medium. Parsed from text block in email/telephone workbook; Parsed from Assam Tea Directory row, verify before sending
A26: ='WhatsApp Tracker'!AH109 -> 3336 | B26: ='WhatsApp Tracker'!AA109 -> Send WhatsApp | C26: ='WhatsApp Tracker'!M109 -> Normal | D26: ='WhatsApp Tracker'!AN109 -> 3 | E26: ='WhatsApp Tracker'!AL109 -> Email/telephone workbook | F26: ='WhatsApp Tracker'!B109 -> GREEN VIEW | G26: ='WhatsApp Tracker'!C109 -> GREEN VIEW | H26: ='WhatsApp Tracker'!D109 -> 9678053082 | I26: ='WhatsApp Tracker'!T109 -> Not sent | J26: ='WhatsApp Tracker'!U109 -> Unknown | K26: ='WhatsApp Tracker'!V109 -> Unknown | L26: ='WhatsApp Tracker'!W109 -> Not offered | M26: ='WhatsApp Tracker'!X109 | N26: ='WhatsApp Tracker'!AM109 -> Medium confidence, parsed from text block | O26: ='WhatsApp Tracker'!AC109 -> Imported from extract_garden. Confidence: Medium. Parsed from text block in email/telephone workbook; Parsed from Assam Tea Directory row, verify before sending
A27: ='WhatsApp Tracker'!AH110 -> 3336 | B27: ='WhatsApp Tracker'!AA110 -> Send WhatsApp | C27: ='WhatsApp Tracker'!M110 -> Normal | D27: ='WhatsApp Tracker'!AN110 -> 3 | E27: ='WhatsApp Tracker'!AL110 -> Email/telephone workbook | F27: ='WhatsApp Tracker'!B110 -> HARISHPUR | G27: ='WhatsApp Tracker'!C110 -> HARISHPUR | H27: ='WhatsApp Tracker'!D110 -> 9435030713 | I27: ='WhatsApp Tracker'!T110 -> Not sent | J27: ='WhatsApp Tracker'!U110 -> Unknown | K27: ='WhatsApp Tracker'!V110 -> Unknown | L27: ='WhatsApp Tracker'!W110 -> Not offered | M27: ='WhatsApp Tracker'!X110 | N27: ='WhatsApp Tracker'!AM110 -> Medium confidence, parsed from text block | O27: ='WhatsApp Tracker'!AC110 -> Imported from extract_garden. Confidence: Medium. Parsed from text block in email/telephone workbook; Parsed from Assam Tea Directory row, verify before sending
A28: ='WhatsApp Tracker'!AH111 -> 3336 | B28: ='WhatsApp Tracker'!AA111 -> Send WhatsApp | C28: ='WhatsApp Tracker'!M111 -> Normal | D28: ='WhatsApp Tracker'!AN111 -> 3 | E28: ='WhatsApp Tracker'!AL111 -> Email/telephone workbook | F28: ='WhatsApp Tracker'!B111 -> MOTHOLA | G28: ='WhatsApp Tracker'!C111 -> MOTHOLA | H28: ='WhatsApp Tracker'!D111 -> 9435032117 | I28: ='WhatsApp Tracker'!T111 -> Not sent | J28: ='WhatsApp Tracker'!U111 -> Unknown | K28: ='WhatsApp Tracker'!V111 -> Unknown | L28: ='WhatsApp Tracker'!W111 -> Not offered | M28: ='WhatsApp Tracker'!X111 | N28: ='WhatsApp Tracker'!AM111 -> Medium confidence, parsed from text block | O28: ='WhatsApp Tracker'!AC111 -> Imported from extract_garden. Confidence: Medium. Parsed from text block in email/telephone workbook; Parsed from Assam Tea Directory row, verify before sending
A29: ='WhatsApp Tracker'!AH112 -> 3336 | B29: ='WhatsApp Tracker'!AA112 -> Send WhatsApp | C29: ='WhatsApp Tracker'!M112 -> Normal | D29: ='WhatsApp Tracker'!AN112 -> 3 | E29: ='WhatsApp Tracker'!AL112 -> Email/telephone workbook | F29: ='WhatsApp Tracker'!B112 -> RADHABARI | G29: ='WhatsApp Tracker'!C112 -> RADHABARI | H29: ='WhatsApp Tracker'!D112 -> 9954471732 | I29: ='WhatsApp Tracker'!T112 -> Not sent | J29: ='WhatsApp Tracker'!U112 -> Unknown | K29: ='WhatsApp Tracker'!V112 -> Unknown | L29: ='WhatsApp Tracker'!W112 -> Not offered | M29: ='WhatsApp Tracker'!X112 | N29: ='WhatsApp Tracker'!AM112 -> Medium confidence, parsed from text block | O29: ='WhatsApp Tracker'!AC112 -> Imported from extract_garden. Confidence: Medium. Parsed from text block in email/telephone workbook; Parsed from Assam Tea Directory row, verify before sending
A30: ='WhatsApp Tracker'!AH113 -> 3336 | B30: ='WhatsApp Tracker'!AA113 -> Send WhatsApp | C30: ='WhatsApp Tracker'!M113 -> Normal | D30: ='WhatsApp Tracker'!AN113 -> 3 | E30: ='WhatsApp Tracker'!AL113 -> Email/telephone workbook | F30: ='WhatsApp Tracker'!B113 -> RADHABARI | G30: ='WhatsApp Tracker'!C113 -> RADHABARI | H30: ='WhatsApp Tracker'!D113 -> 9435052701 | I30: ='WhatsApp Tracker'!T113 -> Not sent | J30: ='WhatsApp Tracker'!U113 -> Unknown | K30: ='WhatsApp Tracker'!V113 -> Unknown | L30: ='WhatsApp Tracker'!W113 -> Not offered | M30: ='WhatsApp Tracker'!X113 | N30: ='WhatsApp Tracker'!AM113 -> Medium confidence, parsed from text block | O30: ='WhatsApp Tracker'!AC113 -> Imported from extract_garden. Confidence: Medium. Parsed from text block in email/telephone workbook; Parsed from Assam Tea Directory row, verify before sending
A31: ='WhatsApp Tracker'!AH114 -> 3336 | B31: ='WhatsApp Tracker'!AA114 -> Send WhatsApp | C31: ='WhatsApp Tracker'!M114 -> Normal | D31: ='WhatsApp Tracker'!AN114 -> 3 | E31: ='WhatsApp Tracker'!AL114 -> Email/telephone workbook | F31: ='WhatsApp Tracker'!B114 -> SONARIE | G31: ='WhatsApp Tracker'!C114 -> SONARIE | H31: ='WhatsApp Tracker'!D114 -> 9954526126 | I31: ='WhatsApp Tracker'!T114 -> Not sent | J31: ='WhatsApp Tracker'!U114 -> Unknown | K31: ='WhatsApp Tracker'!V114 -> Unknown | L31: ='WhatsApp Tracker'!W114 -> Not offered | M31: ='WhatsApp Tracker'!X114 | N31: ='WhatsApp Tracker'!AM114 -> Medium confidence, parsed from text block | O31: ='WhatsApp Tracker'!AC114 -> Imported from extract_garden. Confidence: Medium. Parsed from text block in email/telephone workbook; Parsed from Assam Tea Directory row, verify before sending
... A56: ='WhatsApp Tracker'!AH139 -> 9596 | B56: ='WhatsApp Tracker'!AA139 -> Do not send | C56: ='WhatsApp Tracker'!M139 -> Hold | D56: ='WhatsApp Tracker'!AN139 -> 5 | E56: ='WhatsApp Tracker'!AL139 -> Parsed directory row | F56: ='WhatsApp Tracker'!B139 -> Imported contact | G56: ='WhatsApp Tracker'!C139 -> 0 | H56: ='WhatsApp Tracker'!D139 -> 9830250055 | I56: ='WhatsApp Tracker'!T139 -> Not sent | J56: ='WhatsApp Tracker'!U139 -> Unknown | K56: ='WhatsApp Tracker'!V139 -> Unknown | L56: ='WhatsApp Tracker'!W139 -> Not offered | M56: ='WhatsApp Tracker'!X139 | N56: ='WhatsApp Tracker'!AM139 -> Low confidence: verify before sending | O56: ='WhatsApp Tracker'!AC139 -> Imported from extract_garden. Confidence: Low. Parsed from Assam Tea Directory row, verify before sending
A57: ='WhatsApp Tracker'!AH40 -> 4436 | B57: ='WhatsApp Tracker'!AA40 -> Review | C57: ='WhatsApp Tracker'!M40 -> Normal | D57: ='WhatsApp Tracker'!AN40 -> 4 | E57: ='WhatsApp Tracker'!AL40 -> Google Maps enrichment | F57: ='WhatsApp Tracker'!B40 -> Satkarter T.E. | G57: ='WhatsApp Tracker'!C40 -> Satkarter T.E. | H57: ='WhatsApp Tracker'!D40 -> 9435033023 | I57: ='WhatsApp Tracker'!T40 -> Delivered | J57: ='WhatsApp Tracker'!U40 -> Unknown | K57: ='WhatsApp Tracker'!V40 -> Unknown | L57: ='WhatsApp Tracker'!W40 -> Not offered | M57: ='WhatsApp Tracker'!X40 | N57: ='WhatsApp Tracker'!AM40 -> Lower priority: Maps result cannot be verified without manual check | O57: ='WhatsApp Tracker'!AC40 -> Imported from extract_garden. Confidence: High. Direct estate number list; Generated garden export. District: Dibrugarh State: Assam; Original personal number. Phone type: Other. In original list: Yes
A58: ='WhatsApp Tracker'!AH41 -> 4436 | B58: ='WhatsApp Tracker'!AA41 -> Review | C58: ='WhatsApp Tracker'!M41 -> Normal | D58: ='WhatsApp Tracker'!AN41 -> 4 | E58: ='WhatsApp Tracker'!AL41 -> Google Maps enrichment | F58: ='WhatsApp Tracker'!B41 -> Satyanarayana T.E. | G58: ='WhatsApp Tracker'!C41 -> Satyanarayana T.E. | H58: ='WhatsApp Tracker'!D41 -> 8011018074 | I58: ='WhatsApp Tracker'!T41 -> Delivered | J58: ='WhatsApp Tracker'!U41 -> Unknown | K58: ='WhatsApp Tracker'!V41 -> Unknown | L58: ='WhatsApp Tracker'!W41 -> Not offered | M58: ='WhatsApp Tracker'!X41 | N58: ='WhatsApp Tracker'!AM41 -> Lower priority: Maps result cannot be verified without manual check | O58: ='WhatsApp Tracker'!AC41 -> Imported from extract_garden. Confidence: High. Direct estate number list; Generated garden export. District: Dibrugarh State: Assam; Original personal number. Phone type: Other. In original list: Yes
A59: ='WhatsApp Tracker'!AH42 -> 4436 | B59: ='WhatsApp Tracker'!AA42 -> Review | C59: ='WhatsApp Tracker'!M42 -> Normal | D59: ='WhatsApp Tracker'!AN42 -> 4 | E59: ='WhatsApp Tracker'!AL42 -> Google Maps enrichment | F59: ='WhatsApp Tracker'!B42 -> Suraj T.E. | G59: ='WhatsApp Tracker'!C42 -> Suraj T.E. | H59: ='WhatsApp Tracker'!D42 -> 9401129574 | I59: ='WhatsApp Tracker'!T42 -> Delivered | J59: ='WhatsApp Tracker'!U42 -> Unknown | K59: ='WhatsApp Tracker'!V42 -> Unknown | L59: ='WhatsApp Tracker'!W42 -> Not offered | M59: ='WhatsApp Tracker'!X42 | N59: ='WhatsApp Tracker'!AM42 -> Lower priority: Maps result cannot be verified without manual check | O59: ='WhatsApp Tracker'!AC42 -> Imported from extract_garden. Confidence: High. Direct estate number list; Generated garden export. District: Dibrugarh State: Assam; Original personal number. Phone type: Other. In original list: Yes
A60: ='WhatsApp Tracker'!AH43 -> 4436 | B60: ='WhatsApp Tracker'!AA43 -> Review | C60: ='WhatsApp Tracker'!M43 -> Normal | D60: ='WhatsApp Tracker'!AN43 -> 4 | E60: ='WhatsApp Tracker'!AL43 -> Google Maps enrichment | F60: ='WhatsApp Tracker'!B43 -> Triveni T.E. | G60: ='WhatsApp Tracker'!C43 -> Triveni T.E. | H60: ='WhatsApp Tracker'!D43 -> 9435532002 | I60: ='WhatsApp Tracker'!T43 -> Delivered | J60: ='WhatsApp Tracker'!U43 -> Unknown | K60: ='WhatsApp Tracker'!V43 -> Unknown | L60: ='WhatsApp Tracker'!W43 -> Not offered | M60: ='WhatsApp Tracker'!X43 | N60: ='WhatsApp Tracker'!AM43 -> Lower priority: Maps result cannot be verified without manual check | O60: ='WhatsApp Tracker'!AC43 -> Imported from extract_garden. Confidence: High. Direct estate number list; Generated garden export. District: Dibrugarh State: Assam; Original personal number. Phone type: Other. In original list: Yes
A61: ='WhatsApp Tracker'!AH44 -> 4436 | B61: ='WhatsApp Tracker'!AA44 -> Review | C61: ='WhatsApp Tracker'!M44 -> Normal | D61: ='WhatsApp Tracker'!AN44 -> 4 | E61: ='WhatsApp Tracker'!AL44 -> Google Maps enrichment | F61: ='WhatsApp Tracker'!B44 -> Udalguri T.E. | G61: ='WhatsApp Tracker'!C44 -> Udalguri T.E. | H61: ='WhatsApp Tracker'!D44 -> 9954447408 | I61: ='WhatsApp Tracker'!T44 -> Sent | J61: ='WhatsApp Tracker'!U44 -> Unknown | K61: ='WhatsApp Tracker'!V44 -> Unknown | L61: ='WhatsApp Tracker'!W44 -> Not offered | M61: ='WhatsApp Tracker'!X44 | N61: ='WhatsApp Tracker'!AM44 -> Lower priority: Maps result cannot be verified without manual check | O61: ='WhatsApp Tracker'!AC44 -> Imported from extract_garden. Confidence: High. Direct estate number list; Generated garden export. District: Dibrugarh State: Assam; Original personal number. Phone type: . In original list: Yes
A62: ='WhatsApp Tracker'!AH45 -> 4436 | B62: ='WhatsApp Tracker'!AA45 -> Review | C62: ='WhatsApp Tracker'!M45 -> Normal | D62: ='WhatsApp Tracker'!AN45 -> 4 | E62: ='WhatsApp Tracker'!AL45 -> Google Maps enrichment | F62: ='WhatsApp Tracker'!B45 -> Homestay by the Tea Garden, Dibrugarh | G62: ='WhatsApp Tracker'!C45 -> Ahmedy T.E. | H62: ='WhatsApp Tracker'!D45 -> 9899997370 | I62: ='WhatsApp Tracker'!T45 -> Delivered | J62: ='WhatsApp Tracker'!U45 -> Unknown | K62: ='WhatsApp Tracker'!V45 -> Unknown | L62: ='WhatsApp Tracker'!W45 -> Not offered | M62: ='WhatsApp Tracker'!X45 | N62: ='WhatsApp Tracker'!AM45 -> Lower priority: Maps result cannot be verified without manual check | O62: ='WhatsApp Tracker'!AC45 -> Imported from extract_garden. Confidence: Medium. Google Maps phone. Phone type: Other. In original list: No; Google Maps phone. Phone type: Other. In original list: Yes
A63: ='WhatsApp Tracker'!AH46 -> 4436 | B63: ='WhatsApp Tracker'!AA46 -> Review | C63: ='WhatsApp Tracker'!M46 -> Normal | D63: ='WhatsApp Tracker'!AN46 -> 4 | E63: ='WhatsApp Tracker'!AL46 -> Google Maps enrichment | F63: ='WhatsApp Tracker'!B46 -> ALIMUR SWEETS | G63: ='WhatsApp Tracker'!C46 -> Alimur T.E. | H63: ='WhatsApp Tracker'!D46 -> 8011162497 | I63: ='WhatsApp Tracker'!T46 -> Sent | J63: ='WhatsApp Tracker'!U46 -> Unknown | K63: ='WhatsApp Tracker'!V46 -> Unknown | L63: ='WhatsApp Tracker'!W46 -> Not offered | M63: ='WhatsApp Tracker'!X46 | N63: ='WhatsApp Tracker'!AM46 -> Lower priority: Maps result cannot be verified without manual check | O63: ='WhatsApp Tracker'!AC46 -> Imported from extract_garden. Confidence: Medium. Google Maps phone. Phone type: Other. In original list: Yes
A64: ='WhatsApp Tracker'!AH47 -> 4436 | B64: ='WhatsApp Tracker'!AA47 -> Review | C64: ='WhatsApp Tracker'!M47 -> Normal | D64: ='WhatsApp Tracker'!AN47 -> 4 | E64: ='WhatsApp Tracker'!AL47 -> Google Maps enrichment | F64: ='WhatsApp Tracker'!B47 -> APARNA STORE | G64: ='WhatsApp Tracker'!C47 -> Aparna T.E. | H64: ='WhatsApp Tracker'!D47 -> 9395836442 | I64: ='WhatsApp Tracker'!T47 -> Delivered | J64: ='WhatsApp Tracker'!U47 -> Unknown | K64: ='WhatsApp Tracker'!V47 -> Unknown | L64: ='WhatsApp Tracker'!W47 -> Not offered | M64: ='WhatsApp Tracker'!X47 | N64: ='WhatsApp Tracker'!AM47 -> Lower priority: Maps result cannot be verified without manual check | O64: ='WhatsApp Tracker'!AC47 -> Imported from extract_garden. Confidence: Medium. Google Maps phone. Phone type: Other. In original list: Yes
A65: ='WhatsApp Tracker'!AH48 -> 3436 | B65: ='WhatsApp Tracker'!AA48 -> Send WhatsApp | C65: ='WhatsApp Tracker'!M48 -> Normal | D65: ='WhatsApp Tracker'!AN48 -> 4 | E65: ='WhatsApp Tracker'!AL48 -> Google Maps enrichment | F65: ='WhatsApp Tracker'!B48 -> Mancotta Tea Estate Garden | G65: ='WhatsApp Tracker'!C48 -> Asitpur T.E. | H65: ='WhatsApp Tracker'!D48 -> 9395331162 | I65: ='WhatsApp Tracker'!T48 -> Not sent | J65: ='WhatsApp Tracker'!U48 -> Unknown | K65: ='WhatsApp Tracker'!V48 -> Unknown | L65: ='WhatsApp Tracker'!W48 -> Not offered | M65: ='WhatsApp Tracker'!X48 | N65: ='WhatsApp Tracker'!AM48 -> Lower priority: Maps result cannot be verified without manual check | O65: ='WhatsApp Tracker'!AC48 -> Imported from extract_garden. Confidence: Medium. Google Maps phone. Phone type: Other. In original list: Yes; Google Maps phone. Phone type: Other. In original list: No
A66: ='WhatsApp Tracker'!AH49 -> 3436 | B66: ='WhatsApp Tracker'!AA49 -> Send WhatsApp | C66: ='WhatsApp Tracker'!M49 -> Normal | D66: ='WhatsApp Tracker'!AN49 -> 4 | E66: ='WhatsApp Tracker'!AL49 -> Google Maps enrichment | F66: ='WhatsApp Tracker'!B49 -> Assam Tea Machineries | G66: ='WhatsApp Tracker'!C49 -> Assam Tea & Tea Seeds Plantation | H66: ='WhatsApp Tracker'!D49 -> 9435032131 | I66: ='WhatsApp Tracker'!T49 -> Not sent | J66: ='WhatsApp Tracker'!U49 -> Unknown | K66: ='WhatsApp Tracker'!V49 -> Unknown | L66: ='WhatsApp Tracker'!W49 -> Not offered | M66: ='WhatsApp Tracker'!X49 | N66: ='WhatsApp Tracker'!AM49 -> Lower priority: Maps result cannot be verified without manual check | O66: ='WhatsApp Tracker'!AC49 -> Imported from extract_garden. Confidence: Medium. Google Maps phone. Phone type: Other. In original list: Yes
A67: ='WhatsApp Tracker'!AH50 -> 3436 | B67: ='WhatsApp Tracker'!AA50 -> Send WhatsApp | C67: ='WhatsApp Tracker'!M50 -> Normal | D67: ='WhatsApp Tracker'!AN50 -> 4 | E67: ='WhatsApp Tracker'!AL50 -> Google Maps enrichment | F67: ='WhatsApp Tracker'!B50 -> Balijan noth Tea Factory | G67: ='WhatsApp Tracker'!C50 -> Balijan (North) T.E | H67: ='WhatsApp Tracker'!D50 -> 9780992400 | I67: ='WhatsApp Tracker'!T50 -> Not sent | J67: ='WhatsApp Tracker'!U50 -> Unknown | K67: ='WhatsApp Tracker'!V50 -> Unknown | L67: ='WhatsApp Tracker'!W50 -> Not offered | M67: ='WhatsApp Tracker'!X50 | N67: ='WhatsApp Tracker'!AM50 -> Lower priority: Maps result cannot be verified without manual check | O67: ='WhatsApp Tracker'!AC50 -> Imported from extract_garden. Confidence: Medium. Google Maps phone. Phone type: Other. In original list: No
A68: ='WhatsApp Tracker'!AH51 -> 3436 | B68: ='WhatsApp Tracker'!AA51 -> Send WhatsApp | C68: ='WhatsApp Tracker'!M51 -> Normal | D68: ='WhatsApp Tracker'!AN51 -> 4 | E68: ='WhatsApp Tracker'!AL51 -> Google Maps enrichment | F68: ='WhatsApp Tracker'!B51 -> Bochapathar Tea Estate | G68: ='WhatsApp Tracker'!C51 -> Bochapathar T.E. | H68: ='WhatsApp Tracker'!D51 -> 9435131803 | I68: ='WhatsApp Tracker'!T51 -> Not sent | J68: ='WhatsApp Tracker'!U51 -> Unknown | K68: ='WhatsApp Tracker'!V51 -> Unknown | L68: ='WhatsApp Tracker'!W51 -> Not offered | M68: ='WhatsApp Tracker'!X51 | N68: ='WhatsApp Tracker'!AM51 -> Lower priority: Maps result cannot be verified without manual check | O68: ='WhatsApp Tracker'!AC51 -> Imported from extract_garden. Confidence: Medium. Google Maps phone. Phone type: Other. In original list: No
... A119: ='WhatsApp Tracker'!AH102 -> 3336 | B119: ='WhatsApp Tracker'!AA102 -> Send WhatsApp | C119: ='WhatsApp Tracker'!M102 -> Normal | D119: ='WhatsApp Tracker'!AN102 -> 3 | E119: ='WhatsApp Tracker'!AL102 -> Email/telephone workbook | F119: ='WhatsApp Tracker'!B102 -> HIMALAYA | G119: ='WhatsApp Tracker'!C102 -> HIMALAYA | H119: ='WhatsApp Tracker'!D102 -> 9435731854 | I119: ='WhatsApp Tracker'!T102 -> Not sent | J119: ='WhatsApp Tracker'!U102 -> Unknown | K119: ='WhatsApp Tracker'!V102 -> Unknown | L119: ='WhatsApp Tracker'!W102 -> Not offered | M119: ='WhatsApp Tracker'!X102 | N119: ='WhatsApp Tracker'!AM102 -> Medium confidence, parsed from text block | O119: ='WhatsApp Tracker'!AC102 -> Imported from extract_garden. Confidence: Medium. Parsed from text block in email/telephone workbook; Parsed from Assam Tea Directory row, verify before sending
A120: ='WhatsApp Tracker'!AH2 -> 4136 | B120: ='WhatsApp Tracker'!AA2 -> Review | C120: ='WhatsApp Tracker'!M2 -> Normal | D120: ='WhatsApp Tracker'!AN2 -> 1 | E120: ='WhatsApp Tracker'!AL2 -> Original CRM/manual campaign tracker | F120: ='WhatsApp Tracker'!B2 -> Hatijan T.E | G120: ='WhatsApp Tracker'!C2 -> 0 | H120: ='WhatsApp Tracker'!D2 -> 9365634055 | I120: ='WhatsApp Tracker'!T2 -> Sent | J120: ='WhatsApp Tracker'!U2 -> Unknown | K120: ='WhatsApp Tracker'!V2 -> Unknown | L120: ='WhatsApp Tracker'!W2 -> Not offered | M120: ='WhatsApp Tracker'!X2 | N120: ='WhatsApp Tracker'!AM2 -> Existing CRM lead | O120: ='WhatsApp Tracker'!AC2 -> 0
A121: ='WhatsApp Tracker'!AH4 -> 3116 | B121: ='WhatsApp Tracker'!AA4 -> Send WhatsApp | C121: ='WhatsApp Tracker'!M4 -> High | D121: ='WhatsApp Tracker'!AN4 -> 1 | E121: ='WhatsApp Tracker'!AL4 -> Original CRM/manual campaign tracker | F121: ='WhatsApp Tracker'!B4 -> Topojit Bagchi | G121: ='WhatsApp Tracker'!C4 -> Phukenbari T. E | H121: ='WhatsApp Tracker'!D4 -> 7002398813 | I121: ='WhatsApp Tracker'!T4 -> Not sent | J121: ='WhatsApp Tracker'!U4 -> Unknown | K121: ='WhatsApp Tracker'!V4 -> Unknown | L121: ='WhatsApp Tracker'!W4 -> Not offered | M121: ='WhatsApp Tracker'!X4 | N121: ='WhatsApp Tracker'!AM4 -> Existing CRM lead | O121: ='WhatsApp Tracker'!AC4 -> 0
A122: ='WhatsApp Tracker'!AH5 -> 3136 | B122: ='WhatsApp Tracker'!AA5 -> Send WhatsApp | C122: ='WhatsApp Tracker'!M5 -> Normal | D122: ='WhatsApp Tracker'!AN5 -> 1 | E122: ='WhatsApp Tracker'!AL5 -> Original CRM/manual campaign tracker | F122: ='WhatsApp Tracker'!B5 -> Durgapur T.E | G122: ='WhatsApp Tracker'!C5 -> 0 | H122: ='WhatsApp Tracker'!D5 -> 8638867855 | I122: ='WhatsApp Tracker'!T5 -> Not sent | J122: ='WhatsApp Tracker'!U5 -> Unknown | K122: ='WhatsApp Tracker'!V5 -> Unknown | L122: ='WhatsApp Tracker'!W5 -> Not offered | M122: ='WhatsApp Tracker'!X5 | N122: ='WhatsApp Tracker'!AM5 -> Existing CRM lead | O122: ='WhatsApp Tracker'!AC5 -> 0
A123: ='WhatsApp Tracker'!AH8 -> 3136 | B123: ='WhatsApp Tracker'!AA8 -> Send WhatsApp | C123: ='WhatsApp Tracker'!M8 -> Normal | D123: ='WhatsApp Tracker'!AN8 -> 1 | E123: ='WhatsApp Tracker'!AL8 -> Original CRM/manual campaign tracker | F123: ='WhatsApp Tracker'!B8 -> Dekhari T.E | G123: ='WhatsApp Tracker'!C8 -> 0 | H123: ='WhatsApp Tracker'!D8 -> 9101006460 | I123: ='WhatsApp Tracker'!T8 -> Not sent | J123: ='WhatsApp Tracker'!U8 -> Unknown | K123: ='WhatsApp Tracker'!V8 -> Unknown | L123: ='WhatsApp Tracker'!W8 -> Not offered | M123: ='WhatsApp Tracker'!X8 | N123: ='WhatsApp Tracker'!AM8 -> Existing CRM lead | O123: ='WhatsApp Tracker'!AC8 -> 0
A124: ='WhatsApp Tracker'!AH10 -> 3136 | B124: ='WhatsApp Tracker'!AA10 -> Send WhatsApp | C124: ='WhatsApp Tracker'!M10 -> Normal | D124: ='WhatsApp Tracker'!AN10 -> 1 | E124: ='WhatsApp Tracker'!AL10 -> Original CRM/manual campaign tracker | F124: ='WhatsApp Tracker'!B10 -> Dekhari T.E ( naharani division ) unit 3 (megha T.E ) | G124: ='WhatsApp Tracker'!C10 -> 0 | H124: ='WhatsApp Tracker'!D10 -> 9101006460 | I124: ='WhatsApp Tracker'!T10 -> Not sent | J124: ='WhatsApp Tracker'!U10 -> Unknown | K124: ='WhatsApp Tracker'!V10 -> Unknown | L124: ='WhatsApp Tracker'!W10 -> Not offered | M124: ='WhatsApp Tracker'!X10 | N124: ='WhatsApp Tracker'!AM10 -> Existing CRM lead | O124: ='WhatsApp Tracker'!AC10 -> 0
A125: ='WhatsApp Tracker'!AH11 -> 3136 | B125: ='WhatsApp Tracker'!AA11 -> Send WhatsApp | C125: ='WhatsApp Tracker'!M11 -> Normal | D125: ='WhatsApp Tracker'!AN11 -> 1 | E125: ='WhatsApp Tracker'!AL11 -> Original CRM/manual campaign tracker | F125: ='WhatsApp Tracker'!B11 -> Kabir T.E | G125: ='WhatsApp Tracker'!C11 -> 0 | H125: ='WhatsApp Tracker'!D11 -> 8638926153 | I125: ='WhatsApp Tracker'!T11 -> Not sent | J125: ='WhatsApp Tracker'!U11 -> Unknown | K125: ='WhatsApp Tracker'!V11 -> Unknown | L125: ='WhatsApp Tracker'!W11 -> Not offered | M125: ='WhatsApp Tracker'!X11 | N125: ='WhatsApp Tracker'!AM11 -> Existing CRM lead | O125: ='WhatsApp Tracker'!AC11 -> 0
A126: ='WhatsApp Tracker'!AH12 -> 3136 | B126: ='WhatsApp Tracker'!AA12 -> Send WhatsApp | C126: ='WhatsApp Tracker'!M12 -> Normal | D126: ='WhatsApp Tracker'!AN12 -> 1 | E126: ='WhatsApp Tracker'!AL12 -> Original CRM/manual campaign tracker | F126: ='WhatsApp Tracker'!B12 -> Longboi T.E | G126: ='WhatsApp Tracker'!C12 -> 0 | H126: ='WhatsApp Tracker'!D12 -> 9395637154 | I126: ='WhatsApp Tracker'!T12 -> Not sent | J126: ='WhatsApp Tracker'!U12 -> Unknown | K126: ='WhatsApp Tracker'!V12 -> Unknown | L126: ='WhatsApp Tracker'!W12 -> Not offered | M126: ='WhatsApp Tracker'!X12 | N126: ='WhatsApp Tracker'!AM12 -> Existing CRM lead | O126: ='WhatsApp Tracker'!AC12 -> 0
A127: ='WhatsApp Tracker'!AH15 -> 3136 | B127: ='WhatsApp Tracker'!AA15 -> Send WhatsApp | C127: ='WhatsApp Tracker'!M15 -> Normal | D127: ='WhatsApp Tracker'!AN15 -> 1 | E127: ='WhatsApp Tracker'!AL15 -> Original CRM/manual campaign tracker | F127: ='WhatsApp Tracker'!B15 -> Manoj Kunja T.E | G127: ='WhatsApp Tracker'!C15 -> 0 | H127: ='WhatsApp Tracker'!D15 -> 8876426227 | I127: ='WhatsApp Tracker'!T15 -> Not sent | J127: ='WhatsApp Tracker'!U15 -> Unknown | K127: ='WhatsApp Tracker'!V15 -> Unknown | L127: ='WhatsApp Tracker'!W15 -> Not offered | M127: ='WhatsApp Tracker'!X15 | N127: ='WhatsApp Tracker'!AM15 -> Existing CRM lead | O127: ='WhatsApp Tracker'!AC15 -> 0
A128: ='WhatsApp Tracker'!AH17 -> 4436 | B128: ='WhatsApp Tracker'!AA17 -> Review | C128: ='WhatsApp Tracker'!M17 -> Normal | D128: ='WhatsApp Tracker'!AN17 -> 4 | E128: ='WhatsApp Tracker'!AL17 -> Google Maps enrichment | F128: ='WhatsApp Tracker'!B17 -> Ananada Bari T.E. | G128: ='WhatsApp Tracker'!C17 -> Ananada Bari T.E. | H128: ='WhatsApp Tracker'!D17 -> 6000437772 | I128: ='WhatsApp Tracker'!T17 -> Delivered | J128: ='WhatsApp Tracker'!U17 -> Unknown | K128: ='WhatsApp Tracker'!V17 -> Unknown | L128: ='WhatsApp Tracker'!W17 -> Not offered | M128: ='WhatsApp Tracker'!X17 | N128: ='WhatsApp Tracker'!AM17 -> Lower priority: Maps result cannot be verified without manual check | O128: ='WhatsApp Tracker'!AC17 -> Imported from extract_garden. Confidence: High. Direct estate number list; Generated garden export. District: Dibrugarh State: Assam; Original personal number. Phone type: Landline (Dibrugarh). In original list: Yes
A129: ='WhatsApp Tracker'!AH18 -> 4436 | B129: ='WhatsApp Tracker'!AA18 -> Review | C129: ='WhatsApp Tracker'!M18 -> Normal | D129: ='WhatsApp Tracker'!AN18 -> 4 | E129: ='WhatsApp Tracker'!AL18 -> Google Maps enrichment | F129: ='WhatsApp Tracker'!B18 -> Aparna T.E. | G129: ='WhatsApp Tracker'!C18 -> Aparna T.E. | H129: ='WhatsApp Tracker'!D18 -> 9435035462 | I129: ='WhatsApp Tracker'!T18 -> Delivered | J129: ='WhatsApp Tracker'!U18 -> Unknown | K129: ='WhatsApp Tracker'!V18 -> Unknown | L129: ='WhatsApp Tracker'!W18 -> Not offered | M129: ='WhatsApp Tracker'!X18 | N129: ='WhatsApp Tracker'!AM18 -> Lower priority: Maps result cannot be verified without manual check | O129: ='WhatsApp Tracker'!AC18 -> Imported from extract_garden. Confidence: High. Direct estate number list; Generated garden export. District: Dibrugarh State: Assam; Original personal number. Phone type: Other. In original list: Yes
A130: ='WhatsApp Tracker'!AH21 -> 4436 | B130: ='WhatsApp Tracker'!AA21 -> Review | C130: ='WhatsApp Tracker'!M21 -> Normal | D130: ='WhatsApp Tracker'!AN21 -> 4 | E130: ='WhatsApp Tracker'!AL21 -> Google Maps enrichment | F130: ='WhatsApp Tracker'!B21 -> Dekhari T.E. (Mahmora Division Unit II) | G130: ='WhatsApp Tracker'!C21 -> Dekhari T.E. (Mahmora Division Unit II) | H130: ='WhatsApp Tracker'!D21 -> 9435132151 | I130: ='WhatsApp Tracker'!T21 -> Delivered | J130: ='WhatsApp Tracker'!U21 -> Unknown | K130: ='WhatsApp Tracker'!V21 -> Unknown | L130: ='WhatsApp Tracker'!W21 -> Not offered | M130: ='WhatsApp Tracker'!X21 | N130: ='WhatsApp Tracker'!AM21 -> Lower priority: Maps result cannot be verified without manual check | O130: ='WhatsApp Tracker'!AC21 -> Imported from extract_garden. Confidence: High. Direct estate number list; Generated garden export. District: Dibrugarh State: Assam; Original personal number. Phone type: . In original list: Yes
A131: ='WhatsApp Tracker'!AH23 -> 4436 | B131: ='WhatsApp Tracker'!AA23 -> Review | C131: ='WhatsApp Tracker'!M23 -> Normal | D131: ='WhatsApp Tracker'!AN23 -> 4 | E131: ='WhatsApp Tracker'!AL23 -> Google Maps enrichment | F131: ='WhatsApp Tracker'!B23 -> Dulia T.E. | G131: ='WhatsApp Tracker'!C23 -> Dulia T.E. | H131: ='WhatsApp Tracker'!D23 -> 9435030754 | I131: ='WhatsApp Tracker'!T23 -> Delivered | J131: ='WhatsApp Tracker'!U23 -> Unknown | K131: ='WhatsApp Tracker'!V23 -> Unknown | L131: ='WhatsApp Tracker'!W23 -> Not offered | M131: ='WhatsApp Tracker'!X23 | N131: ='WhatsApp Tracker'!AM23 -> Lower priority: Maps result cannot be verified without manual check | O131: ='WhatsApp Tracker'!AC23 -> Imported from extract_garden. Confidence: High. Direct estate number list; Generated garden export. District: Dibrugarh State: Assam; Original personal number. Phone type: . In original list: Yes; Original personal number. Phone type: Landline (Dibrugarh). In original list: Yes
A132: ='WhatsApp Tracker'!AH24 -> 4436 | B132: ='WhatsApp Tracker'!AA24 -> Review | C132: ='WhatsApp Tracker'!M24 -> Normal | D132: ='WhatsApp Tracker'!AN24 -> 4 | E132: ='WhatsApp Tracker'!AL24 -> Google Maps enrichment | F132: ='WhatsApp Tracker'!B24 -> Duliabari T.E. (B) | G132: ='WhatsApp Tracker'!C24 -> Duliabari T.E. (B) | H132: ='WhatsApp Tracker'!D24 -> 9854028014 | I132: ='WhatsApp Tracker'!T24 -> Delivered | J132: ='WhatsApp Tracker'!U24 -> Unknown | K132: ='WhatsApp Tracker'!V24 -> Unknown | L132: ='WhatsApp Tracker'!W24 -> Not offered | M132: ='WhatsApp Tracker'!X24 | N132: ='WhatsApp Tracker'!AM24 -> Lower priority: Maps result cannot be verified without manual check | O132: ='WhatsApp Tracker'!AC24 -> Imported from extract_garden. Confidence: High. Direct estate number list; Generated garden export. District: Dibrugarh State: Assam; Original personal number. Phone type: Landline (Dibrugarh). In original list: Yes
A133: ='WhatsApp Tracker'!AH25 -> 4436 | B133: ='WhatsApp Tracker'!AA25 -> Review | C133: ='WhatsApp Tracker'!M25 -> Normal | D133: ='WhatsApp Tracker'!AN25 -> 4 | E133: ='WhatsApp Tracker'!AL25 -> Google Maps enrichment | F133: ='WhatsApp Tracker'!B25 -> Ghoronia T.E. | G133: ='WhatsApp Tracker'!C25 -> Ghoronia T.E. | H133: ='WhatsApp Tracker'!D25 -> 8638281523 | I133: ='WhatsApp Tracker'!T25 -> Delivered | J133: ='WhatsApp Tracker'!U25 -> Unknown | K133: ='WhatsApp Tracker'!V25 -> Unknown | L133: ='WhatsApp Tracker'!W25 -> Not offered | M133: ='WhatsApp Tracker'!X25 | N133: ='WhatsApp Tracker'!AM25 -> Lower priority: Maps result cannot be verified without manual check | O133: ='WhatsApp Tracker'!AC25 -> Imported from extract_garden. Confidence: High. Direct estate number list; Generated garden export. District: Dibrugarh State: Assam; Original personal number. Phone type: Landline (Dibrugarh). In original list: Yes
A134: ='WhatsApp Tracker'!AH28 -> 4436 | B134: ='WhatsApp Tracker'!AA28 -> Review | C134: ='WhatsApp Tracker'!M28 -> Normal | D134: ='WhatsApp Tracker'!AN28 -> 4 | E134: ='WhatsApp Tracker'!AL28 -> Google Maps enrichment | F134: ='WhatsApp Tracker'!B28 -> Jalan Nagar T.E. (S) | G134: ='WhatsApp Tracker'!C28 -> Jalan Nagar T.E. (S) | H134: ='WhatsApp Tracker'!D28 -> 9435031397 | I134: ='WhatsApp Tracker'!T28 -> Delivered | J134: ='WhatsApp Tracker'!U28 -> Unknown | K134: ='WhatsApp Tracker'!V28 -> Unknown | L134: ='WhatsApp Tracker'!W28 -> Not offered | M134: ='WhatsApp Tracker'!X28 | N134: ='WhatsApp Tracker'!AM28 -> Lower priority: Maps result cannot be verified without manual check | O134: ='WhatsApp Tracker'!AC28 -> Imported from extract_garden. Confidence: High. Direct estate number list; Generated garden export. District: Dibrugarh State: Assam; Original personal number. Phone type: . In original list: Yes
A135: ='WhatsApp Tracker'!AH33 -> 4436 | B135: ='WhatsApp Tracker'!AA33 -> Review | C135: ='WhatsApp Tracker'!M33 -> Normal | D135: ='WhatsApp Tracker'!AN33 -> 4 | E135: ='WhatsApp Tracker'!AL33 -> Google Maps enrichment | F135: ='WhatsApp Tracker'!B33 -> Phukanbari T.E. | G135: ='WhatsApp Tracker'!C33 -> Phukanbari T.E. | H135: ='WhatsApp Tracker'!D33 -> 9706719317 | I135: ='WhatsApp Tracker'!T33 -> Delivered | J135: ='WhatsApp Tracker'!U33 -> Unknown | K135: ='WhatsApp Tracker'!V33 -> Unknown | L135: ='WhatsApp Tracker'!W33 -> Not offered | M135: ='WhatsApp Tracker'!X33 | N135: ='WhatsApp Tracker'!AM33 -> Lower priority: Maps result cannot be verified without manual check | O135: ='WhatsApp Tracker'!AC33 -> Imported from extract_garden. Confidence: High. Direct estate number list; Generated garden export. District: Dibrugarh State: Assam; Original personal number. Phone type: Landline (Dibrugarh). In original list: Yes
A136: ='WhatsApp Tracker'!AH34 -> 4436 | B136: ='WhatsApp Tracker'!AA34 -> Review | C136: ='WhatsApp Tracker'!M34 -> Normal | D136: ='WhatsApp Tracker'!AN34 -> 4 | E136: ='WhatsApp Tracker'!AL34 -> Google Maps enrichment | F136: ='WhatsApp Tracker'!B34 -> Piparatoli T.E. | G136: ='WhatsApp Tracker'!C34 -> Piparatoli T.E. | H136: ='WhatsApp Tracker'!D34 -> 9435393443 | I136: ='WhatsApp Tracker'!T34 -> Delivered | J136: ='WhatsApp Tracker'!U34 -> Unknown | K136: ='WhatsApp Tracker'!V34 -> Unknown | L136: ='WhatsApp Tracker'!W34 -> Not offered | M136: ='WhatsApp Tracker'!X34 | N136: ='WhatsApp Tracker'!AM34 -> Lower priority: Maps result cannot be verified without manual check | O136: ='WhatsApp Tracker'!AC34 -> Imported from extract_garden. Confidence: High. Direct estate number list; Generated garden export. District: Dibrugarh State: Assam; Original personal number. Phone type: Other. In original list: Yes
A137: ='WhatsApp Tracker'!AH35 -> 4436 | B137: ='WhatsApp Tracker'!AA35 -> Review | C137: ='WhatsApp Tracker'!M35 -> Normal | D137: ='WhatsApp Tracker'!AN35 -> 4 | E137: ='WhatsApp Tracker'!AL35 -> Google Maps enrichment | F137: ='WhatsApp Tracker'!B35 -> Prabhat T.E. | G137: ='WhatsApp Tracker'!C35 -> Prabhat T.E. | H137: ='WhatsApp Tracker'!D35 -> 9954430589 | I137: ='WhatsApp Tracker'!T35 -> Delivered | J137: ='WhatsApp Tracker'!U35 -> Unknown | K137: ='WhatsApp Tracker'!V35 -> Unknown | L137: ='WhatsApp Tracker'!W35 -> Not offered | M137: ='WhatsApp Tracker'!X35 | N137: ='WhatsApp Tracker'!AM35 -> Lower priority: Maps result cannot be verified without manual check | O137: ='WhatsApp Tracker'!AC35 -> Imported from extract_garden. Confidence: High. Direct estate number list; Generated garden export. District: Dibrugarh State: Assam; Original personal number. Phone type: Other. In original list: Yes
A138: ='WhatsApp Tracker'!AH36 -> 4436 | B138: ='WhatsApp Tracker'!AA36 -> Review | C138: ='WhatsApp Tracker'!M36 -> Normal | D138: ='WhatsApp Tracker'!AN36 -> 4 | E138: ='WhatsApp Tracker'!AL36 -> Google Maps enrichment | F138: ='WhatsApp Tracker'!B36 -> Rukong T.E. | G138: ='WhatsApp Tracker'!C36 -> Rukong T.E. | H138: ='WhatsApp Tracker'!D36 -> 7002829252 | I138: ='WhatsApp Tracker'!T36 -> Failed | J138: ='WhatsApp Tracker'!U36 -> Unknown | K138: ='WhatsApp Tracker'!V36 -> Unknown | L138: ='WhatsApp Tracker'!W36 -> Not offered | M138: ='WhatsApp Tracker'!X36 | N138: ='WhatsApp Tracker'!AM36 -> Lower priority: Maps result cannot be verified without manual check | O138: ='WhatsApp Tracker'!AC36 -> Imported from extract_garden. Confidence: High. Direct estate number list; Generated garden export. District: Dibrugarh State: Assam; Original personal number. Phone type: . In original list: Yes
A139: ='WhatsApp Tracker'!AH38 -> 4436 | B139: ='WhatsApp Tracker'!AA38 -> Review | C139: ='WhatsApp Tracker'!M38 -> Normal | D139: ='WhatsApp Tracker'!AN38 -> 4 | E139: ='WhatsApp Tracker'!AL38 -> Google Maps enrichment | F139: ='WhatsApp Tracker'!B38 -> Santi T.E. | G139: ='WhatsApp Tracker'!C38 -> Santi T.E. | H139: ='WhatsApp Tracker'!D38 -> 9101469254 | I139: ='WhatsApp Tracker'!T38 -> Delivered | J139: ='WhatsApp Tracker'!U38 -> Unknown | K139: ='WhatsApp Tracker'!V38 -> Unknown | L139: ='WhatsApp Tracker'!W38 -> Not offered | M139: ='WhatsApp Tracker'!X38 | N139: ='WhatsApp Tracker'!AM38 -> Lower priority: Maps result cannot be verified without manual check | O139: ='WhatsApp Tracker'!AC38 -> Imported from extract_garden. Confidence: High. Direct estate number list; Generated garden export. District: Dibrugarh State: Assam; Original personal number. Phone type: . In original list: Yes
A140: ='WhatsApp Tracker'!AH39 -> 4436 | B140: ='WhatsApp Tracker'!AA39 -> Review | C140: ='WhatsApp Tracker'!M39 -> Normal | D140: ='WhatsApp Tracker'!AN39 -> 4 | E140: ='WhatsApp Tracker'!AL39 -> Google Maps enrichment | F140: ='WhatsApp Tracker'!B39 -> Satishpur T.E. | G140: ='WhatsApp Tracker'!C39 -> Satishpur T.E. | H140: ='WhatsApp Tracker'!D39 -> 7003122250 | I140: ='WhatsApp Tracker'!T39 -> Delivered | J140: ='WhatsApp Tracker'!U39 -> Unknown | K140: ='WhatsApp Tracker'!V39 -> Unknown | L140: ='WhatsApp Tracker'!W39 -> Not offered | M140: ='WhatsApp Tracker'!X39 | N140: ='WhatsApp Tracker'!AM39 -> Lower priority: Maps result cannot be verified without manual check | O140: ='WhatsApp Tracker'!AC39 -> Imported from extract_garden. Confidence: High. Direct estate number list; Generated garden export. District: Dibrugarh State: Assam; Original personal number. Phone type: Other. In original list: Yes
A141: ='WhatsApp Tracker'!AH6 -> 3136 | B141: ='WhatsApp Tracker'!AA6 -> Send WhatsApp | C141: ='WhatsApp Tracker'!M6 -> Normal | D141: ='WhatsApp Tracker'!AN6 -> 1 | E141: ='WhatsApp Tracker'!AL6 -> Original CRM/manual campaign tracker | F141: ='WhatsApp Tracker'!B6 -> Kothalguri T.E | G141: ='WhatsApp Tracker'!C6 -> 0 | H141: ='WhatsApp Tracker'!D6 -> 8876321148 | I141: ='WhatsApp Tracker'!T6 -> Not sent | J141: ='WhatsApp Tracker'!U6 -> Unknown | K141: ='WhatsApp Tracker'!V6 -> Unknown | L141: ='WhatsApp Tracker'!W6 -> Not offered | M141: ='WhatsApp Tracker'!X6 | N141: ='WhatsApp Tracker'!AM6 -> Existing CRM lead | O141: ='WhatsApp Tracker'!AC6 -> 0
A142: ='WhatsApp Tracker'!AH7 -> 3136 | B142: ='WhatsApp Tracker'!AA7 -> Send WhatsApp | C142: ='WhatsApp Tracker'!M7 -> Normal | D142: ='WhatsApp Tracker'!AN7 -> 1 | E142: ='WhatsApp Tracker'!AL7 -> Original CRM/manual campaign tracker | F142: ='WhatsApp Tracker'!B7 -> Balimara T.E | G142: ='WhatsApp Tracker'!C7 -> Balimara T.E | H142: ='WhatsApp Tracker'!D7 -> 9435738646 | I142: ='WhatsApp Tracker'!T7 -> Not sent | J142: ='WhatsApp Tracker'!U7 -> Unknown | K142: ='WhatsApp Tracker'!V7 -> Unknown | L142: ='WhatsApp Tracker'!W7 -> Not offered | M142: ='WhatsApp Tracker'!X7 | N142: ='WhatsApp Tracker'!AM7 -> Existing CRM lead | O142: ='WhatsApp Tracker'!AC7 -> 0
A143: ='WhatsApp Tracker'!AH140 -> 9596 | B143: ='WhatsApp Tracker'!AA140 -> Do not send | C143: ='WhatsApp Tracker'!M140 -> Hold | D143: ='WhatsApp Tracker'!AN140 -> 5 | E143: ='WhatsApp Tracker'!AL140 -> Parsed directory row | F143: ='WhatsApp Tracker'!B140 -> Imported contact | G143: ='WhatsApp Tracker'!C140 -> 0 | H143: ='WhatsApp Tracker'!D140 -> 9435465363 | I143: ='WhatsApp Tracker'!T140 -> Not sent | J143: ='WhatsApp Tracker'!U140 -> Unknown | K143: ='WhatsApp Tracker'!V140 -> Unknown | L143: ='WhatsApp Tracker'!W140 -> Not offered | M143: ='WhatsApp Tracker'!X140 | N143: ='WhatsApp Tracker'!AM140 -> Low confidence: verify before sending | O143: ='WhatsApp Tracker'!AC140 -> Imported from extract_garden. Confidence: Low. Parsed from Assam Tea Directory row, verify before sending
A144: ='WhatsApp Tracker'!AH141 -> 9596 | B144: ='WhatsApp Tracker'!AA141 -> Do not send | C144: ='WhatsApp Tracker'!M141 -> Hold | D144: ='WhatsApp Tracker'!AN141 -> 5 | E144: ='WhatsApp Tracker'!AL141 -> Parsed directory row | F144: ='WhatsApp Tracker'!B141 -> ASSAM | G144: ='WhatsApp Tracker'!C141 -> ASSAM | H144: ='WhatsApp Tracker'!D141 -> 9435095930 | I144: ='WhatsApp Tracker'!T141 -> Not sent | J144: ='WhatsApp Tracker'!U141 -> Unknown | K144: ='WhatsApp Tracker'!V141 -> Unknown | L144: ='WhatsApp Tracker'!W141 -> Not offered | M144: ='WhatsApp Tracker'!X141 | N144: ='WhatsApp Tracker'!AM141 -> Low confidence: verify before sending | O144: ='WhatsApp Tracker'!AC141 -> Imported from extract_garden. Confidence: Low. Parsed from Assam Tea Directory row, verify before sending
A145: ='WhatsApp Tracker'!AH142 -> 9596 | B145: ='WhatsApp Tracker'!AA142 -> Do not send | C145: ='WhatsApp Tracker'!M142 -> Hold | D145: ='WhatsApp Tracker'!AN142 -> 5 | E145: ='WhatsApp Tracker'!AL142 -> Parsed directory row | F145: ='WhatsApp Tracker'!B142 -> Imported contact | G145: ='WhatsApp Tracker'!C142 -> 0 | H145: ='WhatsApp Tracker'!D142 -> 9435180144 | I145: ='WhatsApp Tracker'!T142 -> Not sent | J145: ='WhatsApp Tracker'!U142 -> Unknown | K145: ='WhatsApp Tracker'!V142 -> Unknown | L145: ='WhatsApp Tracker'!W142 -> Not offered | M145: ='WhatsApp Tracker'!X142 | N145: ='WhatsApp Tracker'!AM142 -> Low confidence: verify before sending | O145: ='WhatsApp Tracker'!AC142 -> Imported from extract_garden. Confidence: Low. Parsed from Assam Tea Directory row, verify before sending
A146: ='WhatsApp Tracker'!AH143 -> 9596 | B146: ='WhatsApp Tracker'!AA143 -> Do not send | C146: ='WhatsApp Tracker'!M143 -> Hold | D146: ='WhatsApp Tracker'!AN143 -> 5 | E146: ='WhatsApp Tracker'!AL143 -> Parsed directory row | F146: ='WhatsApp Tracker'!B143 -> Imported contact | G146: ='WhatsApp Tracker'!C143 -> 0 | H146: ='WhatsApp Tracker'!D143 -> 9435079915 | I146: ='WhatsApp Tracker'!T143 -> Not sent | J146: ='WhatsApp Tracker'!U143 -> Unknown | K146: ='WhatsApp Tracker'!V143 -> Unknown | L146: ='WhatsApp Tracker'!W143 -> Not offered | M146: ='WhatsApp Tracker'!X143 | N146: ='WhatsApp Tracker'!AM143 -> Low confidence: verify before sending | O146: ='WhatsApp Tracker'!AC143 -> Imported from extract_garden. Confidence: Low. Parsed from Assam Tea Directory row, verify before sending
A147: ='WhatsApp Tracker'!AH144 -> 9596 | B147: ='WhatsApp Tracker'!AA144 -> Do not send | C147: ='WhatsApp Tracker'!M144 -> Hold | D147: ='WhatsApp Tracker'!AN144 -> 5 | E147: ='WhatsApp Tracker'!AL144 -> Parsed directory row | F147: ='WhatsApp Tracker'!B144 -> Imported contact | G147: ='WhatsApp Tracker'!C144 -> 0 | H147: ='WhatsApp Tracker'!D144 -> 7399882662 | I147: ='WhatsApp Tracker'!T144 -> Not sent | J147: ='WhatsApp Tracker'!U144 -> Unknown | K147: ='WhatsApp Tracker'!V144 -> Unknown | L147: ='WhatsApp Tracker'!W144 -> Not offered | M147: ='WhatsApp Tracker'!X144 | N147: ='WhatsApp Tracker'!AM144 -> Low confidence: verify before sending | O147: ='WhatsApp Tracker'!AC144 -> Imported from extract_garden. Confidence: Low. Parsed from Assam Tea Directory row, verify before sending
A148: ='WhatsApp Tracker'!AH145 -> 9596 | B148: ='WhatsApp Tracker'!AA145 -> Do not send | C148: ='WhatsApp Tracker'!M145 -> Hold | D148: ='WhatsApp Tracker'!AN145 -> 5 | E148: ='WhatsApp Tracker'!AL145 -> Parsed directory row | F148: ='WhatsApp Tracker'!B145 -> Imported contact | G148: ='WhatsApp Tracker'!C145 -> 0 | H148: ='WhatsApp Tracker'!D145 -> 9435010774 | I148: ='WhatsApp Tracker'!T145 -> Not sent | J148: ='WhatsApp Tracker'!U145 -> Unknown | K148: ='WhatsApp Tracker'!V145 -> Unknown | L148: ='WhatsApp Tracker'!W145 -> Not offered | M148: ='WhatsApp Tracker'!X145 | N148: ='WhatsApp Tracker'!AM145 -> Low confidence: verify before sending | O148: ='WhatsApp Tracker'!AC145 -> Imported from extract_garden. Confidence: Low. Parsed from Assam Tea Directory row, verify before sending
A149: ='WhatsApp Tracker'!AH146 -> 9596 | B149: ='WhatsApp Tracker'!AA146 -> Do not send | C149: ='WhatsApp Tracker'!M146 -> Hold | D149: ='WhatsApp Tracker'!AN146 -> 5 | E149: ='WhatsApp Tracker'!AL146 -> Parsed directory row | F149: ='WhatsApp Tracker'!B146 -> Imported contact | G149: ='WhatsApp Tracker'!C146 -> 0 | H149: ='WhatsApp Tracker'!D146 -> 9435026844 | I149: ='WhatsApp Tracker'!T146 -> Not sent | J149: ='WhatsApp Tracker'!U146 -> Unknown | K149: ='WhatsApp Tracker'!V146 -> Unknown | L149: ='WhatsApp Tracker'!W146 -> Not offered | M149: ='WhatsApp Tracker'!X146 | N149: ='WhatsApp Tracker'!AM146 -> Low confidence: verify before sending | O149: ='WhatsApp Tracker'!AC146 -> Imported from extract_garden. Confidence: Low. Parsed from Assam Tea Directory row, verify before sending
A150: ='WhatsApp Tracker'!AH147 -> 9596 | B150: ='WhatsApp Tracker'!AA147 -> Do not send | C150: ='WhatsApp Tracker'!M147 -> Hold | D150: ='WhatsApp Tracker'!AN147 -> 5 | E150: ='WhatsApp Tracker'!AL147 -> Parsed directory row | F150: ='WhatsApp Tracker'!B147 -> Imported contact | G150: ='WhatsApp Tracker'!C147 -> 0 | H150: ='WhatsApp Tracker'!D147 -> 9830019050 | I150: ='WhatsApp Tracker'!T147 -> Not sent | J150: ='WhatsApp Tracker'!U147 -> Unknown | K150: ='WhatsApp Tracker'!V147 -> Unknown | L150: ='WhatsApp Tracker'!W147 -> Not offered | M150: ='WhatsApp Tracker'!X147 | N150: ='WhatsApp Tracker'!AM147 -> Low confidence: verify before sending | O150: ='WhatsApp Tracker'!AC147 -> Imported from extract_garden. Confidence: Low. Parsed from Assam Tea Directory row, verify before sending
A151: ='WhatsApp Tracker'!AH148 -> 9596 | B151: ='WhatsApp Tracker'!AA148 -> Do not send | C151: ='WhatsApp Tracker'!M148 -> Hold | D151: ='WhatsApp Tracker'!AN148 -> 5 | E151: ='WhatsApp Tracker'!AL148 -> Parsed directory row | F151: ='WhatsApp Tracker'!B148 -> Imported contact | G151: ='WhatsApp Tracker'!C148 -> 0 | H151: ='WhatsApp Tracker'!D148 -> 9954229915 | I151: ='WhatsApp Tracker'!T148 -> Not sent | J151: ='WhatsApp Tracker'!U148 -> Unknown | K151: ='WhatsApp Tracker'!V148 -> Unknown | L151: ='WhatsApp Tracker'!W148 -> Not offered | M151: ='WhatsApp Tracker'!X148 | N151: ='WhatsApp Tracker'!AM148 -> Low confidence: verify before sending | O151: ='WhatsApp Tracker'!AC148 -> Imported from extract_garden. Confidence: Low. Parsed from Assam Tea Directory row, verify before sending
A152: ='WhatsApp Tracker'!AH149 -> 9596 | B152: ='WhatsApp Tracker'!AA149 -> Do not send | C152: ='WhatsApp Tracker'!M149 -> Hold | D152: ='WhatsApp Tracker'!AN149 -> 5 | E152: ='WhatsApp Tracker'!AL149 -> Parsed directory row | F152: ='WhatsApp Tracker'!B149 -> Imported contact | G152: ='WhatsApp Tracker'!C149 -> 0 | H152: ='WhatsApp Tracker'!D149 -> 9435158600 | I152: ='WhatsApp Tracker'!T149 -> Not sent | J152: ='WhatsApp Tracker'!U149 -> Unknown | K152: ='WhatsApp Tracker'!V149 -> Unknown | L152: ='WhatsApp Tracker'!W149 -> Not offered | M152: ='WhatsApp Tracker'!X149 | N152: ='WhatsApp Tracker'!AM149 -> Low confidence: verify before sending | O152: ='WhatsApp Tracker'!AC149 -> Imported from extract_garden. Confidence: Low. Parsed from Assam Tea Directory row, verify before sending
A153: ='WhatsApp Tracker'!AH150 -> 9596 | B153: ='WhatsApp Tracker'!AA150 -> Do not send | C153: ='WhatsApp Tracker'!M150 -> Hold | D153: ='WhatsApp Tracker'!AN150 -> 5 | E153: ='WhatsApp Tracker'!AL150 -> Parsed directory row | F153: ='WhatsApp Tracker'!B150 -> Imported contact | G153: ='WhatsApp Tracker'!C150 -> 0 | H153: ='WhatsApp Tracker'!D150 -> 9954215784 | I153: ='WhatsApp Tracker'!T150 -> Not sent | J153: ='WhatsApp Tracker'!U150 -> Unknown | K153: ='WhatsApp Tracker'!V150 -> Unknown | L153: ='WhatsApp Tracker'!W150 -> Not offered | M153: ='WhatsApp Tracker'!X150 | N153: ='WhatsApp Tracker'!AM150 -> Low confidence: verify before sending | O153: ='WhatsApp Tracker'!AC150 -> Imported from extract_garden. Confidence: Low. Parsed from Assam Tea Directory row, verify before sending
A154: ='WhatsApp Tracker'!AH151 -> 9596 | B154: ='WhatsApp Tracker'!AA151 -> Do not send | C154: ='WhatsApp Tracker'!M151 -> Hold | D154: ='WhatsApp Tracker'!AN151 -> 5 | E154: ='WhatsApp Tracker'!AL151 -> Parsed directory row | F154: ='WhatsApp Tracker'!B151 -> Imported contact | G154: ='WhatsApp Tracker'!C151 -> 0 | H154: ='WhatsApp Tracker'!D151 -> 9435525015 | I154: ='WhatsApp Tracker'!T151 -> Not sent | J154: ='WhatsApp Tracker'!U151 -> Unknown | K154: ='WhatsApp Tracker'!V151 -> Unknown | L154: ='WhatsApp Tracker'!W151 -> Not offered | M154: ='WhatsApp Tracker'!X151 | N154: ='WhatsApp Tracker'!AM151 -> Low confidence: verify before sending | O154: ='WhatsApp Tracker'!AC151 -> Imported from extract_garden. Confidence: Low. Parsed from Assam Tea Directory row, verify before sending
... A526: ='WhatsApp Tracker'!AH523 -> 4136 | B526: ='WhatsApp Tracker'!AA523 -> Review | C526: ='WhatsApp Tracker'!M523 -> Normal | D526: ='WhatsApp Tracker'!AN523 -> 1 | E526: ='WhatsApp Tracker'!AL523 -> Original CRM/manual campaign tracker | F526: ='WhatsApp Tracker'!B523 -> Ghograjan T.E | G526: ='WhatsApp Tracker'!C523 -> 0 | H526: ='WhatsApp Tracker'!D523 -> 7002833087 | I526: ='WhatsApp Tracker'!T523 -> Delivered | J526: ='WhatsApp Tracker'!U523 -> Unknown | K526: ='WhatsApp Tracker'!V523 -> Unknown | L526: ='WhatsApp Tracker'!W523 -> Not offered | M526: ='WhatsApp Tracker'!X523 | N526: ='WhatsApp Tracker'!AM523 -> Existing CRM lead | O526: ='WhatsApp Tracker'!AC523 -> 0

Sheet WhatsApp Tracker
A1: Lead ID | B1: Client Name | C1: Tea Garden | D1: WhatsApp Number | E1: Workers | F1: Original CRM Status | G1: Original Next Follow-up | H1: Created | I1: Original Remarks | J1: Extra Note | K1: Phone OK | L1: Send Decision | M1: Priority | N1: Campaign | O1: Message Variant | P1: Image/Preview | Q1: Share Link | R1: First Sent Date | S1: Sent By | T1: Delivery Status | U1: Reply Status | V1: Clicked Link | W1: Demo Call Status | X1: Follow-up Due | Y1: Follow-up Sent Date | Z1: Final Outcome | AA1: Next Action | AB1: Owner | AC1: Campaign Notes | AD1: Work Rank | AE1: Priority Rank | AF1: Delivery Rank | AG1: Reply Rank | AH1: Sort Score | AI1: Last Touch | AJ1: Follow-up State | AK1: Data Source | AL1: Source Type | AM1: Verification | AN1: Source Rank | AO1: WA Check Link | AP1: WA Check Status | AQ1: WA Checked At | AR1: WA Check Notes
A2: GSW019 | B2: Hatijan T.E | D2: 9365634055 | F2: Negotiation | G2: 46147 | H2: 46139 | I2: call pending | K2: =IF(LEN(D2)=10,"OK","Check") -> OK | L2: =IF(ISNUMBER(SEARCH("not interested",LOWER(I2&" "&J2))),"Hold","Send") -> Send | M2: =IF(L2="Hold","Hold",IF(IFERROR(E2,0)>=200,"High",IF(IFERROR(E2,0)>=100,"Medium","Normal"))) -> Normal | N2: Face + Weight Rs. 499 WhatsApp | O2: Price hook | P2: Price v4 | Q2: https://gardensuite.in/w/face-weight-499 | T2: Sent | U2: Unknown | V2: Unknown | W2: Not offered | X2: =IF(AND(R2<>"",OR(U2="No reply",U2="Unknown")),R2+2,"") | Z2: Open | AA2: =IF(L2="Hold","Do not send",IF(T2="Not sent","Send WhatsApp",IF(U2="Demo booked","Prepare demo",IF(W2="Booked","Prepare demo",IF(AND(X2<>"",Y2=""),"Send follow-up","Review"))))) -> Review | AD2: =IF(AA2="Prepare demo",1,IF(AA2="Send follow-up",2,IF(AA2="Send WhatsApp",3,IF(AA2="Review",4,IF(AA2="Do not send",9,5))))) -> 4 | AE2: =IF(M2="High",1,IF(M2="Medium",2,IF(M2="Normal",3,IF(M2="Hold",9,4)))) -> 3 | AF2: =IF(T2="Read",1,IF(T2="Delivered",2,IF(T2="Sent",3,IF(T2="Not sent",4,IF(T2="Failed",9,5))))) -> 3 | AG2: =IF(U2="Demo booked",1,IF(U2="Interested",2,IF(U2="Replied",3,IF(U2="No reply",5,IF(U2="Not interested",8,IF(U2="Bad number",9,6)))))) -> 6 | AH2: =AD2*1000+AN2*100+AE2*10+AG2 -> 4136 | AI2: =MAX(IF(R2="",0,R2),IF(Y2="",0,Y2)) -> 0 | AJ2: =IF(AND(X2<>"",Y2="",X2<TODAY()),"Overdue",IF(AND(X2<>"",Y2="",X2=TODAY()),"Due today",IF(Y2<>"","Follow-up sent",""))) | AK2: Original CRM | AL2: Original CRM/manual campaign tracker | AM2: Existing CRM lead | AN2: 1 | AO2: https://wa.me/919365634055 | AP2: Login required | AQ2: 46161.629 | AR2: WhatsApp Web login required, scan QR and rerun
A3: GSW006 | B3: Sarojini Tea Company P.V.T L.MD | C3: p baruah | D3: 7002483957 | F3: Negotiation | G3: 46127 | H3: 46130 | I3: call pending | K3: =IF(LEN(D3)=10,"OK","Check") -> OK | L3: =IF(ISNUMBER(SEARCH("not interested",LOWER(I3&" "&J3))),"Hold","Send") -> Send | M3: =IF(L3="Hold","Hold",IF(IFERROR(E3,0)>=200,"High",IF(IFERROR(E3,0)>=100,"Medium","Normal"))) -> Normal | N3: Face + Weight Rs. 499 WhatsApp | O3: Price hook | P3: Price v4 | Q3: https://gardensuite.in/w/face-weight-499 | T3: Sent | U3: Unknown | V3: Unknown | W3: Not offered | X3: =IF(AND(R3<>"",OR(U3="No reply",U3="Unknown")),R3+2,"") | Z3: Open | AA3: =IF(L3="Hold","Do not send",IF(T3="Not sent","Send WhatsApp",IF(U3="Demo booked","Prepare demo",IF(W3="Booked","Prepare demo",IF(AND(X3<>"",Y3=""),"Send follow-up","Review"))))) -> Review | AD3: =IF(AA3="Prepare demo",1,IF(AA3="Send follow-up",2,IF(AA3="Send WhatsApp",3,IF(AA3="Review",4,IF(AA3="Do not send",9,5))))) -> 4 | AE3: =IF(M3="High",1,IF(M3="Medium",2,IF(M3="Normal",3,IF(M3="Hold",9,4)))) -> 3 | AF3: =IF(T3="Read",1,IF(T3="Delivered",2,IF(T3="Sent",3,IF(T3="Not sent",4,IF(T3="Failed",9,5))))) -> 3 | AG3: =IF(U3="Demo booked",1,IF(U3="Interested",2,IF(U3="Replied",3,IF(U3="No reply",5,IF(U3="Not interested",8,IF(U3="Bad number",9,6)))))) -> 6 | AH3: =AD3*1000+AN3*100+AE3*10+AG3 -> 4136 | AI3: =MAX(IF(R3="",0,R3),IF(Y3="",0,Y3)) -> 0 | AJ3: =IF(AND(X3<>"",Y3="",X3<TODAY()),"Overdue",IF(AND(X3<>"",Y3="",X3=TODAY()),"Due today",IF(Y3<>"","Follow-up sent",""))) | AK3: Original CRM | AL3: Original CRM/manual campaign tracker | AM3: Existing CRM lead | AN3: 1 | AO3: https://wa.me/917002483957 | AP3: Login required | AQ3: 46161.626 | AR3: WhatsApp Web login required, scan QR and rerun
A4: GSW034 | B4: Topojit Bagchi | C4: Phukenbari T. E | D4: 7002398813 | E4: 300 | F4: Negotiation | G4: 46154 | H4: 46130 | I4: NOT WHATSAPP NO | K4: =IF(LEN(D4)=10,"OK","Check") -> OK | L4: =IF(ISNUMBER(SEARCH("not interested",LOWER(I4&" "&J4))),"Hold","Send") -> Send | M4: =IF(L4="Hold","Hold",IF(IFERROR(E4,0)>=200,"High",IF(IFERROR(E4,0)>=100,"Medium","Normal"))) -> High | N4: Face + Weight Rs. 499 WhatsApp | O4: Price hook | P4: Price v4 | Q4: https://gardensuite.in/w/face-weight-499 | T4: Not sent | U4: Unknown | V4: Unknown | W4: Not offered | X4: =IF(AND(R4<>"",OR(U4="No reply",U4="Unknown")),R4+2,"") | Z4: Open | AA4: =IF(L4="Hold","Do not send",IF(T4="Not sent","Send WhatsApp",IF(U4="Demo booked","Prepare demo",IF(W4="Booked","Prepare demo",IF(AND(X4<>"",Y4=""),"Send follow-up","Review"))))) -> Send WhatsApp | AD4: =IF(AA4="Prepare demo",1,IF(AA4="Send follow-up",2,IF(AA4="Send WhatsApp",3,IF(AA4="Review",4,IF(AA4="Do not send",9,5))))) -> 3 | AE4: =IF(M4="High",1,IF(M4="Medium",2,IF(M4="Normal",3,IF(M4="Hold",9,4)))) -> 1 | AF4: =IF(T4="Read",1,IF(T4="Delivered",2,IF(T4="Sent",3,IF(T4="Not sent",4,IF(T4="Failed",9,5))))) -> 4 | AG4: =IF(U4="Demo booked",1,IF(U4="Interested",2,IF(U4="Replied",3,IF(U4="No reply",5,IF(U4="Not interested",8,IF(U4="Bad number",9,6)))))) -> 6 | AH4: =AD4*1000+AN4*100+AE4*10+AG4 -> 3116 | AI4: =MAX(IF(R4="",0,R4),IF(Y4="",0,Y4)) -> 0 | AJ4: =IF(AND(X4<>"",Y4="",X4<TODAY()),"Overdue",IF(AND(X4<>"",Y4="",X4=TODAY()),"Due today",IF(Y4<>"","Follow-up sent",""))) | AK4: Original CRM | AL4: Original CRM/manual campaign tracker | AM4: Existing CRM lead | AN4: 1 | AO4: https://wa.me/917002398813 | AP4: Login required | AQ4: 46161.624 | AR4: WhatsApp Web login required, scan QR and rerun
A5: GSW002 | B5: Durgapur T.E | D5: 8638867855 | F5: Negotiation | G5: 46118 | H5: 46136 | I5: NOT WHATSAPP NO | K5: =IF(LEN(D5)=10,"OK","Check") -> OK | L5: =IF(ISNUMBER(SEARCH("not interested",LOWER(I5&" "&J5))),"Hold","Send") -> Send | M5: =IF(L5="Hold","Hold",IF(IFERROR(E5,0)>=200,"High",IF(IFERROR(E5,0)>=100,"Medium","Normal"))) -> Normal | N5: Face + Weight Rs. 499 WhatsApp | O5: Price hook | P5: Price v4 | Q5: https://gardensuite.in/w/face-weight-499 | T5: Not sent | U5: Unknown | V5: Unknown | W5: Not offered | X5: =IF(AND(R5<>"",OR(U5="No reply",U5="Unknown")),R5+2,"") | Z5: Open | AA5: =IF(L5="Hold","Do not send",IF(T5="Not sent","Send WhatsApp",IF(U5="Demo booked","Prepare demo",IF(W5="Booked","Prepare demo",IF(AND(X5<>"",Y5=""),"Send follow-up","Review"))))) -> Send WhatsApp | AD5: =IF(AA5="Prepare demo",1,IF(AA5="Send follow-up",2,IF(AA5="Send WhatsApp",3,IF(AA5="Review",4,IF(AA5="Do not send",9,5))))) -> 3 | AE5: =IF(M5="High",1,IF(M5="Medium",2,IF(M5="Normal",3,IF(M5="Hold",9,4)))) -> 3 | AF5: =IF(T5="Read",1,IF(T5="Delivered",2,IF(T5="Sent",3,IF(T5="Not sent",4,IF(T5="Failed",9,5))))) -> 4 | AG5: =IF(U5="Demo booked",1,IF(U5="Interested",2,IF(U5="Replied",3,IF(U5="No reply",5,IF(U5="Not interested",8,IF(U5="Bad number",9,6)))))) -> 6 | AH5: =AD5*1000+AN5*100+AE5*10+AG5 -> 3136 | AI5: =MAX(IF(R5="",0,R5),IF(Y5="",0,Y5)) -> 0 | AJ5: =IF(AND(X5<>"",Y5="",X5<TODAY()),"Overdue",IF(AND(X5<>"",Y5="",X5=TODAY()),"Due today",IF(Y5<>"","Follow-up sent",""))) | AK5: Original CRM | AL5: Original CRM/manual campaign tracker | AM5: Existing CRM lead | AN5: 1 | AO5: https://wa.me/918638867855 | AP5: Login required | AQ5: 46161.625 | AR5: WhatsApp Web login required, scan QR and rerun
A6: GSW008 | B6: Kothalguri T.E | D6: 8876321148 | F6: Negotiation | G6: 46140 | H6: 46139 | I6: NOT WHATSAPP NO | K6: =IF(LEN(D6)=10,"OK","Check") -> OK | L6: =IF(ISNUMBER(SEARCH("not interested",LOWER(I6&" "&J6))),"Hold","Send") -> Send | M6: =IF(L6="Hold","Hold",IF(IFERROR(E6,0)>=200,"High",IF(IFERROR(E6,0)>=100,"Medium","Normal"))) -> Normal | N6: Face + Weight Rs. 499 WhatsApp | O6: Price hook | P6: Price v4 | Q6: https://gardensuite.in/w/face-weight-499 | T6: Not sent | U6: Unknown | V6: Unknown | W6: Not offered | X6: =IF(AND(R6<>"",OR(U6="No reply",U6="Unknown")),R6+2,"") | Z6: Open | AA6: =IF(L6="Hold","Do not send",IF(T6="Not sent","Send WhatsApp",IF(U6="Demo booked","Prepare demo",IF(W6="Booked","Prepare demo",IF(AND(X6<>"",Y6=""),"Send follow-up","Review"))))) -> Send WhatsApp | AD6: =IF(AA6="Prepare demo",1,IF(AA6="Send follow-up",2,IF(AA6="Send WhatsApp",3,IF(AA6="Review",4,IF(AA6="Do not send",9,5))))) -> 3 | AE6: =IF(M6="High",1,IF(M6="Medium",2,IF(M6="Normal",3,IF(M6="Hold",9,4)))) -> 3 | AF6: =IF(T6="Read",1,IF(T6="Delivered",2,IF(T6="Sent",3,IF(T6="Not sent",4,IF(T6="Failed",9,5))))) -> 4 | AG6: =IF(U6="Demo booked",1,IF(U6="Interested",2,IF(U6="Replied",3,IF(U6="No reply",5,IF(U6="Not interested",8,IF(U6="Bad number",9,6)))))) -> 6 | AH6: =AD6*1000+AN6*100+AE6*10+AG6 -> 3136 | AI6: =MAX(IF(R6="",0,R6),IF(Y6="",0,Y6)) -> 0 | AJ6: =IF(AND(X6<>"",Y6="",X6<TODAY()),"Overdue",IF(AND(X6<>"",Y6="",X6=TODAY()),"Due today",IF(Y6<>"","Follow-up sent",""))) | AK6: Original CRM | AL6: Original CRM/manual campaign tracker | AM6: Existing CRM lead | AN6: 1 | AO6: https://wa.me/918876321148 | AP6: Login required | AQ6: 46161.63 | AR6: WhatsApp Web login required, scan QR and rerun
A7: GSW009 | B7: Balimara T.E | C7: Balimara T.E | D7: 9435738646 | F7: Negotiation | G7: 46146 | H7: 46136 | I7: NOT WHATSAPP NO | K7: =IF(LEN(D7)=10,"OK","Check") -> OK | L7: =IF(ISNUMBER(SEARCH("not interested",LOWER(I7&" "&J7))),"Hold","Send") -> Send | M7: =IF(L7="Hold","Hold",IF(IFERROR(E7,0)>=200,"High",IF(IFERROR(E7,0)>=100,"Medium","Normal"))) -> Normal | N7: Face + Weight Rs. 499 WhatsApp | O7: Price hook | P7: Price v4 | Q7: https://gardensuite.in/w/face-weight-499 | T7: Not sent | U7: Unknown | V7: Unknown | W7: Not offered | X7: =IF(AND(R7<>"",OR(U7="No reply",U7="Unknown")),R7+2,"") | Z7: Open | AA7: =IF(L7="Hold","Do not send",IF(T7="Not sent","Send WhatsApp",IF(U7="Demo booked","Prepare demo",IF(W7="Booked","Prepare demo",IF(AND(X7<>"",Y7=""),"Send follow-up","Review"))))) -> Send WhatsApp | AD7: =IF(AA7="Prepare demo",1,IF(AA7="Send follow-up",2,IF(AA7="Send WhatsApp",3,IF(AA7="Review",4,IF(AA7="Do not send",9,5))))) -> 3 | AE7: =IF(M7="High",1,IF(M7="Medium",2,IF(M7="Normal",3,IF(M7="Hold",9,4)))) -> 3 | AF7: =IF(T7="Read",1,IF(T7="Delivered",2,IF(T7="Sent",3,IF(T7="Not sent",4,IF(T7="Failed",9,5))))) -> 4 | AG7: =IF(U7="Demo booked",1,IF(U7="Interested",2,IF(U7="Replied",3,IF(U7="No reply",5,IF(U7="Not interested",8,IF(U7="Bad number",9,6)))))) -> 6 | AH7: =AD7*1000+AN7*100+AE7*10+AG7 -> 3136 | AI7: =MAX(IF(R7="",0,R7),IF(Y7="",0,Y7)) -> 0 | AJ7: =IF(AND(X7<>"",Y7="",X7<TODAY()),"Overdue",IF(AND(X7<>"",Y7="",X7=TODAY()),"Due today",IF(Y7<>"","Follow-up sent",""))) | AK7: Original CRM | AL7: Original CRM/manual campaign tracker | AM7: Existing CRM lead | AN7: 1 | AO7: https://wa.me/919435738646 | AP7: Login required | AQ7: 46161.627 | AR7: WhatsApp Web login required, scan QR and rerun
A8: GSW012 | B8: Dekhari T.E | D8: 9101006460 | F8: Negotiation | G8: 46146 | H8: 46136 | I8: INVALID NUMBER | K8: =IF(LEN(D8)=10,"OK","Check") -> OK | L8: =IF(ISNUMBER(SEARCH("not interested",LOWER(I8&" "&J8))),"Hold","Send") -> Send | M8: =IF(L8="Hold","Hold",IF(IFERROR(E8,0)>=200,"High",IF(IFERROR(E8,0)>=100,"Medium","Normal"))) -> Normal | N8: Face + Weight Rs. 499 WhatsApp | O8: Price hook | P8: Price v4 | Q8: https://gardensuite.in/w/face-weight-499 | T8: Not sent | U8: Unknown | V8: Unknown | W8: Not offered | X8: =IF(AND(R8<>"",OR(U8="No reply",U8="Unknown")),R8+2,"") | Z8: Open | AA8: =IF(L8="Hold","Do not send",IF(T8="Not sent","Send WhatsApp",IF(U8="Demo booked","Prepare demo",IF(W8="Booked","Prepare demo",IF(AND(X8<>"",Y8=""),"Send follow-up","Review"))))) -> Send WhatsApp | AD8: =IF(AA8="Prepare demo",1,IF(AA8="Send follow-up",2,IF(AA8="Send WhatsApp",3,IF(AA8="Review",4,IF(AA8="Do not send",9,5))))) -> 3 | AE8: =IF(M8="High",1,IF(M8="Medium",2,IF(M8="Normal",3,IF(M8="Hold",9,4)))) -> 3 | AF8: =IF(T8="Read",1,IF(T8="Delivered",2,IF(T8="Sent",3,IF(T8="Not sent",4,IF(T8="Failed",9,5))))) -> 4 | AG8: =IF(U8="Demo booked",1,IF(U8="Interested",2,IF(U8="Replied",3,IF(U8="No reply",5,IF(U8="Not interested",8,IF(U8="Bad number",9,6)))))) -> 6 | AH8: =AD8*1000+AN8*100+AE8*10+AG8 -> 3136 | AI8: =MAX(IF(R8="",0,R8),IF(Y8="",0,Y8)) -> 0 | AJ8: =IF(AND(X8<>"",Y8="",X8<TODAY()),"Overdue",IF(AND(X8<>"",Y8="",X8=TODAY()),"Due today",IF(Y8<>"","Follow-up sent",""))) | AK8: Original CRM | AL8: Original CRM/manual campaign tracker | AM8: Existing CRM lead | AN8: 1 | AO8: https://wa.me/919101006460 | AP8: Login required | AQ8: 46161.628 | AR8: WhatsApp Web login required, scan QR and rerun
A9: GSW015 | B9: Dekhari T.E ( unit 1 ) | D9: 6001684868 | F9: Negotiation | G9: 46146 | H9: 46136 | I9: NOT WHATSAPP NO | K9: =IF(LEN(D9)=10,"OK","Check") -> OK | L9: =IF(ISNUMBER(SEARCH("not interested",LOWER(I9&" "&J9))),"Hold","Send") -> Send | M9: =IF(L9="Hold","Hold",IF(IFERROR(E9,0)>=200,"High",IF(IFERROR(E9,0)>=100,"Medium","Normal"))) -> Normal | N9: Face + Weight Rs. 499 WhatsApp | O9: Price hook | P9: Price v4 | Q9: https://gardensuite.in/w/face-weight-499 | T9: Not sent | U9: Unknown | V9: Unknown | W9: Not offered | X9: =IF(AND(R9<>"",OR(U9="No reply",U9="Unknown")),R9+2,"") | Z9: Open | AA9: =IF(L9="Hold","Do not send",IF(T9="Not sent","Send WhatsApp",IF(U9="Demo booked","Prepare demo",IF(W9="Booked","Prepare demo",IF(AND(X9<>"",Y9=""),"Send follow-up","Review"))))) -> Send WhatsApp | AD9: =IF(AA9="Prepare demo",1,IF(AA9="Send follow-up",2,IF(AA9="Send WhatsApp",3,IF(AA9="Review",4,IF(AA9="Do not send",9,5))))) -> 3 | AE9: =IF(M9="High",1,IF(M9="Medium",2,IF(M9="Normal",3,IF(M9="Hold",9,4)))) -> 3 | AF9: =IF(T9="Read",1,IF(T9="Delivered",2,IF(T9="Sent",3,IF(T9="Not sent",4,IF(T9="Failed",9,5))))) -> 4 | AG9: =IF(U9="Demo booked",1,IF(U9="Interested",2,IF(U9="Replied",3,IF(U9="No reply",5,IF(U9="Not interested",8,IF(U9="Bad number",9,6)))))) -> 6 | AH9: =AD9*1000+AN9*100+AE9*10+AG9 -> 3136 | AI9: =MAX(IF(R9="",0,R9),IF(Y9="",0,Y9)) -> 0 | AJ9: =IF(AND(X9<>"",Y9="",X9<TODAY()),"Overdue",IF(AND(X9<>"",Y9="",X9=TODAY()),"Due today",IF(Y9<>"","Follow-up sent",""))) | AK9: Original CRM | AL9: Original CRM/manual campaign tracker | AM9: Existing CRM lead | AN9: 1 | AO9: https://wa.me/916001684868 | AP9: Login required | AQ9: 46161.628 | AR9: WhatsApp Web login required, scan QR and rerun
A10: GSW016 | B10: Dekhari T.E ( naharani division ) unit 3 (megha T.E ) | D10: 9101006460 | F10: Negotiation | G10: 46146 | H10: 46136 | I10: INVALID NUMBER | K10: =IF(LEN(D10)=10,"OK","Check") -> OK | L10: =IF(ISNUMBER(SEARCH("not interested",LOWER(I10&" "&J10))),"Hold","Send") -> Send | M10: =IF(L10="Hold","Hold",IF(IFERROR(E10,0)>=200,"High",IF(IFERROR(E10,0)>=100,"Medium","Normal"))) -> Normal | N10: Face + Weight Rs. 499 WhatsApp | O10: Price hook | P10: Price v4 | Q10: https://gardensuite.in/w/face-weight-499 | T10: Not sent | U10: Unknown | V10: Unknown | W10: Not offered | X10: =IF(AND(R10<>"",OR(U10="No reply",U10="Unknown")),R10+2,"") | Z10: Open | AA10: =IF(L10="Hold","Do not send",IF(T10="Not sent","Send WhatsApp",IF(U10="Demo booked","Prepare demo",IF(W10="Booked","Prepare demo",IF(AND(X10<>"",Y10=""),"Send follow-up","Review"))))) -> Send WhatsApp | AD10: =IF(AA10="Prepare demo",1,IF(AA10="Send follow-up",2,IF(AA10="Send WhatsApp",3,IF(AA10="Review",4,IF(AA10="Do not send",9,5))))) -> 3 | AE10: =IF(M10="High",1,IF(M10="Medium",2,IF(M10="Normal",3,IF(M10="Hold",9,4)))) -> 3 | AF10: =IF(T10="Read",1,IF(T10="Delivered",2,IF(T10="Sent",3,IF(T10="Not sent",4,IF(T10="Failed",9,5))))) -> 4 | AG10: =IF(U10="Demo booked",1,IF(U10="Interested",2,IF(U10="Replied",3,IF(U10="No reply",5,IF(U10="Not interested",8,IF(U10="Bad number",9,6)))))) -> 6 | AH10: =AD10*1000+AN10*100+AE10*10+AG10 -> 3136 | AI10: =MAX(IF(R10="",0,R10),IF(Y10="",0,Y10)) -> 0 | AJ10: =IF(AND(X10<>"",Y10="",X10<TODAY()),"Overdue",IF(AND(X10<>"",Y10="",X10=TODAY()),"Due today",IF(Y10<>"","Follow-up sent",""))) | AK10: Original CRM | AL10: Original CRM/manual campaign tracker | AM10: Existing CRM lead | AN10: 1 | AO10: https://wa.me/919101006460 | AP10: Unchecked
A11: GSW022 | B11: Kabir T.E | D11: 8638926153 | F11: Negotiation | G11: 46148 | H11: 46139 | I11: NOT WHATSAPP NO | K11: =IF(LEN(D11)=10,"OK","Check") -> OK | L11: =IF(ISNUMBER(SEARCH("not interested",LOWER(I11&" "&J11))),"Hold","Send") -> Send | M11: =IF(L11="Hold","Hold",IF(IFERROR(E11,0)>=200,"High",IF(IFERROR(E11,0)>=100,"Medium","Normal"))) -> Normal | N11: Face + Weight Rs. 499 WhatsApp | O11: Price hook | P11: Price v4 | Q11: https://gardensuite.in/w/face-weight-499 | T11: Not sent | U11: Unknown | V11: Unknown | W11: Not offered | X11: =IF(AND(R11<>"",OR(U11="No reply",U11="Unknown")),R11+2,"") | Z11: Open | AA11: =IF(L11="Hold","Do not send",IF(T11="Not sent","Send WhatsApp",IF(U11="Demo booked","Prepare demo",IF(W11="Booked","Prepare demo",IF(AND(X11<>"",Y11=""),"Send follow-up","Review"))))) -> Send WhatsApp | AD11: =IF(AA11="Prepare demo",1,IF(AA11="Send follow-up",2,IF(AA11="Send WhatsApp",3,IF(AA11="Review",4,IF(AA11="Do not send",9,5))))) -> 3 | AE11: =IF(M11="High",1,IF(M11="Medium",2,IF(M11="Normal",3,IF(M11="Hold",9,4)))) -> 3 | AF11: =IF(T11="Read",1,IF(T11="Delivered",2,IF(T11="Sent",3,IF(T11="Not sent",4,IF(T11="Failed",9,5))))) -> 4 | AG11: =IF(U11="Demo booked",1,IF(U11="Interested",2,IF(U11="Replied",3,IF(U11="No reply",5,IF(U11="Not interested",8,IF(U11="Bad number",9,6)))))) -> 6 | AH11: =AD11*1000+AN11*100+AE11*10+AG11 -> 3136 | AI11: =MAX(IF(R11="",0,R11),IF(Y11="",0,Y11)) -> 0 | AJ11: =IF(AND(X11<>"",Y11="",X11<TODAY()),"Overdue",IF(AND(X11<>"",Y11="",X11=TODAY()),"Due today",IF(Y11<>"","Follow-up sent",""))) | AK11: Original CRM | AL11: Original CRM/manual campaign tracker | AM11: Existing CRM lead | AN11: 1 | AO11: https://wa.me/918638926153 | AP11: Login required | AQ11: 46161.629 | AR11: WhatsApp Web login required, scan QR and rerun
A12: GSW023 | B12: Longboi T.E | D12: 9395637154 | F12: Negotiation | G12: 46148 | H12: 46139 | I12: NOT WHATSAPP NO | K12: =IF(LEN(D12)=10,"OK","Check") -> OK | L12: =IF(ISNUMBER(SEARCH("not interested",LOWER(I12&" "&J12))),"Hold","Send") -> Send | M12: =IF(L12="Hold","Hold",IF(IFERROR(E12,0)>=200,"High",IF(IFERROR(E12,0)>=100,"Medium","Normal"))) -> Normal | N12: Face + Weight Rs. 499 WhatsApp | O12: Price hook | P12: Price v4 | Q12: https://gardensuite.in/w/face-weight-499 | T12: Not sent | U12: Unknown | V12: Unknown | W12: Not offered | X12: =IF(AND(R12<>"",OR(U12="No reply",U12="Unknown")),R12+2,"") | Z12: Open | AA12: =IF(L12="Hold","Do not send",IF(T12="Not sent","Send WhatsApp",IF(U12="Demo booked","Prepare demo",IF(W12="Booked","Prepare demo",IF(AND(X12<>"",Y12=""),"Send follow-up","Review"))))) -> Send WhatsApp | AD12: =IF(AA12="Prepare demo",1,IF(AA12="Send follow-up",2,IF(AA12="Send WhatsApp",3,IF(AA12="Review",4,IF(AA12="Do not send",9,5))))) -> 3 | AE12: =IF(M12="High",1,IF(M12="Medium",2,IF(M12="Normal",3,IF(M12="Hold",9,4)))) -> 3 | AF12: =IF(T12="Read",1,IF(T12="Delivered",2,IF(T12="Sent",3,IF(T12="Not sent",4,IF(T12="Failed",9,5))))) -> 4 | AG12: =IF(U12="Demo booked",1,IF(U12="Interested",2,IF(U12="Replied",3,IF(U12="No reply",5,IF(U12="Not interested",8,IF(U12="Bad number",9,6)))))) -> 6 | AH12: =AD12*1000+AN12*100+AE12*10+AG12 -> 3136 | AI12: =MAX(IF(R12="",0,R12),IF(Y12="",0,Y12)) -> 0 | AJ12: =IF(AND(X12<>"",Y12="",X12<TODAY()),"Overdue",IF(AND(X12<>"",Y12="",X12=TODAY()),"Due today",IF(Y12<>"","Follow-up sent",""))) | AK12: Original CRM | AL12: Original CRM/manual campaign tracker | AM12: Existing CRM lead | AN12: 1 | AO12: https://wa.me/919395637154 | AP12: Login required | AQ12: 46161.63 | AR12: WhatsApp Web login required, scan QR and rerun
A13: GSW025 | B13: Madhuting T.E | D13: 8876321148 | F13: Negotiation | G13: 46149 | H13: 46143 | I13: NOT WHATSAPP NO | K13: =IF(LEN(D13)=10,"OK","Check") -> OK | L13: =IF(ISNUMBER(SEARCH("not interested",LOWER(I13&" "&J13))),"Hold","Send") -> Send | M13: =IF(L13="Hold","Hold",IF(IFERROR(E13,0)>=200,"High",IF(IFERROR(E13,0)>=100,"Medium","Normal"))) -> Normal | N13: Face + Weight Rs. 499 WhatsApp | O13: Price hook | P13: Price v4 | Q13: https://gardensuite.in/w/face-weight-499 | T13: Not sent | U13: Unknown | V13: Unknown | W13: Not offered | X13: =IF(AND(R13<>"",OR(U13="No reply",U13="Unknown")),R13+2,"") | Z13: Open | AA13: =IF(L13="Hold","Do not send",IF(T13="Not sent","Send WhatsApp",IF(U13="Demo booked","Prepare demo",IF(W13="Booked","Prepare demo",IF(AND(X13<>"",Y13=""),"Send follow-up","Review"))))) -> Send WhatsApp | AD13: =IF(AA13="Prepare demo",1,IF(AA13="Send follow-up",2,IF(AA13="Send WhatsApp",3,IF(AA13="Review",4,IF(AA13="Do not send",9,5))))) -> 3 | AE13: =IF(M13="High",1,IF(M13="Medium",2,IF(M13="Normal",3,IF(M13="Hold",9,4)))) -> 3 | AF13: =IF(T13="Read",1,IF(T13="Delivered",2,IF(T13="Sent",3,IF(T13="Not sent",4,IF(T13="Failed",9,5))))) -> 4 | AG13: =IF(U13="Demo booked",1,IF(U13="Interested",2,IF(U13="Replied",3,IF(U13="No reply",5,IF(U13="Not interested",8,IF(U13="Bad number",9,6)))))) -> 6 | AH13: =AD13*1000+AN13*100+AE13*10+AG13 -> 3136 | AI13: =MAX(IF(R13="",0,R13),IF(Y13="",0,Y13)) -> 0 | AJ13: =IF(AND(X13<>"",Y13="",X13<TODAY()),"Overdue",IF(AND(X13<>"",Y13="",X13=TODAY()),"Due today",IF(Y13<>"","Follow-up sent",""))) | AK13: Original CRM | AL13: Original CRM/manual campaign tracker | AM13: Existing CRM lead | AN13: 1 | AO13: https://wa.me/918876321148 | AP13: Unchecked
A14: GSW026 | B14: Mayajan T.E | D14: 8876426227 | F14: Negotiation | G14: 46150 | H14: 46143 | I14: NOT WHATSAPP NO | K14: =IF(LEN(D14)=10,"OK","Check") -> OK | L14: =IF(ISNUMBER(SEARCH("not interested",LOWER(I14&" "&J14))),"Hold","Send") -> Send | M14: =IF(L14="Hold","Hold",IF(IFERROR(E14,0)>=200,"High",IF(IFERROR(E14,0)>=100,"Medium","Normal"))) -> Normal | N14: Face + Weight Rs. 499 WhatsApp | O14: Price hook | P14: Price v4 | Q14: https://gardensuite.in/w/face-weight-499 | T14: Not sent | U14: Unknown | V14: Unknown | W14: Not offered | X14: =IF(AND(R14<>"",OR(U14="No reply",U14="Unknown")),R14+2,"") | Z14: Open | AA14: =IF(L14="Hold","Do not send",IF(T14="Not sent","Send WhatsApp",IF(U14="Demo booked","Prepare demo",IF(W14="Booked","Prepare demo",IF(AND(X14<>"",Y14=""),"Send follow-up","Review"))))) -> Send WhatsApp | AD14: =IF(AA14="Prepare demo",1,IF(AA14="Send follow-up",2,IF(AA14="Send WhatsApp",3,IF(AA14="Review",4,IF(AA14="Do not send",9,5))))) -> 3 | AE14: =IF(M14="High",1,IF(M14="Medium",2,IF(M14="Normal",3,IF(M14="Hold",9,4)))) -> 3 | AF14: =IF(T14="Read",1,IF(T14="Delivered",2,IF(T14="Sent",3,IF(T14="Not sent",4,IF(T14="Failed",9,5))))) -> 4 | AG14: =IF(U14="Demo booked",1,IF(U14="Interested",2,IF(U14="Replied",3,IF(U14="No reply",5,IF(U14="Not interested",8,IF(U14="Bad number",9,6)))))) -> 6 | AH14: =AD14*1000+AN14*100+AE14*10+AG14 -> 3136 | AI14: =MAX(IF(R14="",0,R14),IF(Y14="",0,Y14)) -> 0 | AJ14: =IF(AND(X14<>"",Y14="",X14<TODAY()),"Overdue",IF(AND(X14<>"",Y14="",X14=TODAY()),"Due today",IF(Y14<>"","Follow-up sent",""))) | AK14: Original CRM | AL14: Original CRM/manual campaign tracker | AM14: Existing CRM lead | AN14: 1 | AO14: https://wa.me/918876426227 | AP14: Unchecked
A15: GSW027 | B15: Manoj Kunja T.E | D15: 8876426227 | F15: Negotiation | G15: 46150 | H15: 46143 | I15: NOT WHATSAPP NO | K15: =IF(LEN(D15)=10,"OK","Check") -> OK | L15: =IF(ISNUMBER(SEARCH("not interested",LOWER(I15&" "&J15))),"Hold","Send") -> Send | M15: =IF(L15="Hold","Hold",IF(IFERROR(E15,0)>=200,"High",IF(IFERROR(E15,0)>=100,"Medium","Normal"))) -> Normal | N15: Face + Weight Rs. 499 WhatsApp | O15: Price hook | P15: Price v4 | Q15: https://gardensuite.in/w/face-weight-499 | T15: Not sent | U15: Unknown | V15: Unknown | W15: Not offered | X15: =IF(AND(R15<>"",OR(U15="No reply",U15="Unknown")),R15+2,"") | Z15: Open | AA15: =IF(L15="Hold","Do not send",IF(T15="Not sent","Send WhatsApp",IF(U15="Demo booked","Prepare demo",IF(W15="Booked","Prepare demo",IF(AND(X15<>"",Y15=""),"Send follow-up","Review"))))) -> Send WhatsApp | AD15: =IF(AA15="Prepare demo",1,IF(AA15="Send follow-up",2,IF(AA15="Send WhatsApp",3,IF(AA15="Review",4,IF(AA15="Do not send",9,5))))) -> 3 | AE15: =IF(M15="High",1,IF(M15="Medium",2,IF(M15="Normal",3,IF(M15="Hold",9,4)))) -> 3 | AF15: =IF(T15="Read",1,IF(T15="Delivered",2,IF(T15="Sent",3,IF(T15="Not sent",4,IF(T15="Failed",9,5))))) -> 4 | AG15: =IF(U15="Demo booked",1,IF(U15="Interested",2,IF(U15="Replied",3,IF(U15="No reply",5,IF(U15="Not interested",8,IF(U15="Bad number",9,6)))))) -> 6 | AH15: =AD15*1000+AN15*100+AE15*10+AG15 -> 3136 | AI15: =MAX(IF(R15="",0,R15),IF(Y15="",0,Y15)) -> 0 | AJ15: =IF(AND(X15<>"",Y15="",X15<TODAY()),"Overdue",IF(AND(X15<>"",Y15="",X15=TODAY()),"Due today",IF(Y15<>"","Follow-up sent",""))) | AK15: Original CRM | AL15: Original CRM/manual campaign tracker | AM15: Existing CRM lead | AN15: 1 | AO15: https://wa.me/918876426227 | AP15: Unchecked
A16: GSW039 | B16: Amulguri T.E. | C16: Amulguri T.E. | D16: 8011322474 | F16: Imported - High | H16: 46161 | I16: Direct estate number list; Generated garden export. District: Dibrugarh State: Assam; Original personal number. Phone type: Other. In original list: Yes | J16: Source: Tea Estates number required.xlsx::Sheet1; dibrugarh.xlsx::Gardens; test_export.xlsx::Gardens; tea_estate_contacts_v2.xlsx::All Contacts; tea_estate_contacts.xlsx::Estate Contacts; Email: halmari@amarawatitea.com; msharma@amarawatitea.com; soham@amarawatitea.com | K16: =IF(LEN(D16)=10,"OK","Check") -> OK | L16: Send | M16: =IF(L16="Hold","Hold",IF(IFERROR(E16,0)>=200,"High",IF(IFERROR(E16,0)>=100,"Medium","Normal"))) -> Normal | N16: Face + Weight Rs. 499 WhatsApp | O16: Price hook | P16: Price v4 | Q16: https://gardensuite.in/w/face-weight-499 | T16: Delivered | U16: Unknown | V16: Unknown | W16: Not offered | X16: =IF(AND(R16<>"",OR(U16="No reply",U16="Unknown")),R16+2,"") | Z16: Open | AA16: =IF(L16="Hold","Do not send",IF(T16="Not sent","Send WhatsApp",IF(U16="Demo booked","Prepare demo",IF(W16="Booked","Prepare demo",IF(AND(X16<>"",Y16=""),"Send follow-up","Review"))))) -> Review | AC16: Imported from extract_garden. Confidence: High. Direct estate number list; Generated garden export. District: Dibrugarh State: Assam; Original personal number. Phone type: Other. In original list: Yes | AD16: =IF(AA16="Prepare demo",1,IF(AA16="Send follow-up",2,IF(AA16="Send WhatsApp",3,IF(AA16="Review",4,IF(AA16="Do not send",9,5))))) -> 4 | AE16: =IF(M16="High",1,IF(M16="Medium",2,IF(M16="Normal",3,IF(M16="Hold",9,4)))) -> 3 | AF16: =IF(T16="Read",1,IF(T16="Delivered",2,IF(T16="Sent",3,IF(T16="Not sent",4,IF(T16="Failed",9,5))))) -> 2 | AG16: =IF(U16="Demo booked",1,IF(U16="Interested",2,IF(U16="Replied",3,IF(U16="No reply",5,IF(U16="Not interested",8,IF(U16="Bad number",9,6)))))) -> 6 | AH16: =AD16*1000+AN16*100+AE16*10+AG16 -> 4436 | AI16: =MAX(IF(R16="",0,R16),IF(Y16="",0,Y16)) -> 0 | AJ16: =IF(AND(X16<>"",Y16="",X16<TODAY()),"Overdue",IF(AND(X16<>"",Y16="",X16=TODAY()),"Due today",IF(Y16<>"","Follow-up sent",""))) | AK16: Google Maps | AL16: Google Maps enrichment | AM16: Lower priority: Maps result cannot be verified without manual check | AN16: 4 | AO16: https://wa.me/918011322474 | AP16: Unchecked
A17: GSW040 | B17: Ananada Bari T.E. | C17: Ananada Bari T.E. | D17: 6000437772 | F17: Imported - High | H17: 46161 | I17: Direct estate number list; Generated garden export. District: Dibrugarh State: Assam; Original personal number. Phone type: Landline (Dibrugarh). In original list: Yes | J17: Source: Tea Estates number required.xlsx::Sheet1; dibrugarh.xlsx::Gardens; test_export.xlsx::Gardens; tea_estate_contacts_v2.xlsx::All Contacts; tea_estate_contacts.xlsx::Estate Contacts | K17: =IF(LEN(D17)=10,"OK","Check") -> OK | L17: Send | M17: =IF(L17="Hold","Hold",IF(IFERROR(E17,0)>=200,"High",IF(IFERROR(E17,0)>=100,"Medium","Normal"))) -> Normal | N17: Face + Weight Rs. 499 WhatsApp | O17: Price hook | P17: Price v4 | Q17: https://gardensuite.in/w/face-weight-499 | T17: Delivered | U17: Unknown | V17: Unknown | W17: Not offered | X17: =IF(AND(R17<>"",OR(U17="No reply",U17="Unknown")),R17+2,"") | Z17: Open | AA17: =IF(L17="Hold","Do not send",IF(T17="Not sent","Send WhatsApp",IF(U17="Demo booked","Prepare demo",IF(W17="Booked","Prepare demo",IF(AND(X17<>"",Y17=""),"Send follow-up","Review"))))) -> Review | AC17: Imported from extract_garden. Confidence: High. Direct estate number list; Generated garden export. District: Dibrugarh State: Assam; Original personal number. Phone type: Landline (Dibrugarh). In original list: Yes | AD17: =IF(AA17="Prepare demo",1,IF(AA17="Send follow-up",2,IF(AA17="Send WhatsApp",3,IF(AA17="Review",4,IF(AA17="Do not send",9,5))))) -> 4 | AE17: =IF(M17="High",1,IF(M17="Medium",2,IF(M17="Normal",3,IF(M17="Hold",9,4)))) -> 3 | AF17: =IF(T17="Read",1,IF(T17="Delivered",2,IF(T17="Sent",3,IF(T17="Not sent",4,IF(T17="Failed",9,5))))) -> 2 | AG17: =IF(U17="Demo booked",1,IF(U17="Interested",2,IF(U17="Replied",3,IF(U17="No reply",5,IF(U17="Not interested",8,IF(U17="Bad number",9,6)))))) -> 6 | AH17: =AD17*1000+AN17*100+AE17*10+AG17 -> 4436 | AI17: =MAX(IF(R17="",0,R17),IF(Y17="",0,Y17)) -> 0 | AJ17: =IF(AND(X17<>"",Y17="",X17<TODAY()),"Overdue",IF(AND(X17<>"",Y17="",X17=TODAY()),"Due today",IF(Y17<>"","Follow-up sent",""))) | AK17: Google Maps | AL17: Google Maps enrichment | AM17: Lower priority: Maps result cannot be verified without manual check | AN17: 4 | AO17: https://wa.me/916000437772 | AP17: Unchecked
A18: GSW041 | B18: Aparna T.E. | C18: Aparna T.E. | D18: 9435035462 | F18: Imported - High | H18: 46161 | I18: Direct estate number list; Generated garden export. District: Dibrugarh State: Assam; Original personal number. Phone type: Other. In original list: Yes | J18: Source: Tea Estates number required.xlsx::Sheet1; dibrugarh.xlsx::Gardens; test_export.xlsx::Gardens; tea_estate_contacts_v2.xlsx::All Contacts; tea_estate_contacts.xlsx::Estate Contacts | K18: =IF(LEN(D18)=10,"OK","Check") -> OK | L18: Send | M18: =IF(L18="Hold","Hold",IF(IFERROR(E18,0)>=200,"High",IF(IFERROR(E18,0)>=100,"Medium","Normal"))) -> Normal | N18: Face + Weight Rs. 499 WhatsApp | O18: Price hook | P18: Price v4 | Q18: https://gardensuite.in/w/face-weight-499 | T18: Delivered | U18: Unknown | V18: Unknown | W18: Not offered | X18: =IF(AND(R18<>"",OR(U18="No reply",U18="Unknown")),R18+2,"") | Z18: Open | AA18: =IF(L18="Hold","Do not send",IF(T18="Not sent","Send WhatsApp",IF(U18="Demo booked","Prepare demo",IF(W18="Booked","Prepare demo",IF(AND(X18<>"",Y18=""),"Send follow-up","Review"))))) -> Review | AC18: Imported from extract_garden. Confidence: High. Direct estate number list; Generated garden export. District: Dibrugarh State: Assam; Original personal number. Phone type: Other. In original list: Yes | AD18: =IF(AA18="Prepare demo",1,IF(AA18="Send follow-up",2,IF(AA18="Send WhatsApp",3,IF(AA18="Review",4,IF(AA18="Do not send",9,5))))) -> 4 | AE18: =IF(M18="High",1,IF(M18="Medium",2,IF(M18="Normal",3,IF(M18="Hold",9,4)))) -> 3 | AF18: =IF(T18="Read",1,IF(T18="Delivered",2,IF(T18="Sent",3,IF(T18="Not sent",4,IF(T18="Failed",9,5))))) -> 2 | AG18: =IF(U18="Demo booked",1,IF(U18="Interested",2,IF(U18="Replied",3,IF(U18="No reply",5,IF(U18="Not interested",8,IF(U18="Bad number",9,6)))))) -> 6 | AH18: =AD18*1000+AN18*100+AE18*10+AG18 -> 4436 | AI18: =MAX(IF(R18="",0,R18),IF(Y18="",0,Y18)) -> 0 | AJ18: =IF(AND(X18<>"",Y18="",X18<TODAY()),"Overdue",IF(AND(X18<>"",Y18="",X18=TODAY()),"Due today",IF(Y18<>"","Follow-up sent",""))) | AK18: Google Maps | AL18: Google Maps enrichment | AM18: Lower priority: Maps result cannot be verified without manual check | AN18: 4 | AO18: https://wa.me/919435035462 | AP18: Unchecked
A19: GSW042 | B19: Asitpur T.E. | C19: Asitpur T.E. | D19: 9954446448 | F19: Imported - High | H19: 46161 | I19: Direct estate number list; Generated garden export. District: Dibrugarh State: Assam; Original personal number. Phone type: Other. In original list: Yes | J19: Source: Tea Estates number required.xlsx::Sheet1; dibrugarh.xlsx::Gardens; test_export.xlsx::Gardens; tea_estate_contacts_v2.xlsx::All Contacts; tea_estate_contacts.xlsx::Estate Contacts | K19: =IF(LEN(D19)=10,"OK","Check") -> OK | L19: Send | M19: =IF(L19="Hold","Hold",IF(IFERROR(E19,0)>=200,"High",IF(IFERROR(E19,0)>=100,"Medium","Normal"))) -> Normal | N19: Face + Weight Rs. 499 WhatsApp | O19: Price hook | P19: Price v4 | Q19: https://gardensuite.in/w/face-weight-499 | T19: Failed | U19: Unknown | V19: Unknown | W19: Not offered | X19: =IF(AND(R19<>"",OR(U19="No reply",U19="Unknown")),R19+2,"") | Z19: Open | AA19: =IF(L19="Hold","Do not send",IF(T19="Not sent","Send WhatsApp",IF(U19="Demo booked","Prepare demo",IF(W19="Booked","Prepare demo",IF(AND(X19<>"",Y19=""),"Send follow-up","Review"))))) -> Review | AC19: NOT WHATSAPP NO | AD19: =IF(AA19="Prepare demo",1,IF(AA19="Send follow-up",2,IF(AA19="Send WhatsApp",3,IF(AA19="Review",4,IF(AA19="Do not send",9,5))))) -> 4 | AE19: =IF(M19="High",1,IF(M19="Medium",2,IF(M19="Normal",3,IF(M19="Hold",9,4)))) -> 3 | AF19: =IF(T19="Read",1,IF(T19="Delivered",2,IF(T19="Sent",3,IF(T19="Not sent",4,IF(T19="Failed",9,5))))) -> 9 | AG19: =IF(U19="Demo booked",1,IF(U19="Interested",2,IF(U19="Replied",3,IF(U19="No reply",5,IF(U19="Not interested",8,IF(U19="Bad number",9,6)))))) -> 6 | AH19: =AD19*1000+AN19*100+AE19*10+AG19 -> 4436 | AI19: =MAX(IF(R19="",0,R19),IF(Y19="",0,Y19)) -> 0 | AJ19: =IF(AND(X19<>"",Y19="",X19<TODAY()),"Overdue",IF(AND(X19<>"",Y19="",X19=TODAY()),"Due today",IF(Y19<>"","Follow-up sent",""))) | AK19: Google Maps | AL19: Google Maps enrichment | AM19: Lower priority: Maps result cannot be verified without manual check | AN19: 4 | AO19: https://wa.me/919954446448 | AP19: Unchecked
A20: GSW043 | B20: Bipinbag T.E. | C20: Bipinbag T.E. | D20: 6901259873 | F20: Imported - High | H20: 46161 | I20: Direct estate number list; Generated garden export. District: Dibrugarh State: Assam; Original personal number. Phone type: Other. In original list: Yes | J20: Source: Tea Estates number required.xlsx::Sheet1; dibrugarh.xlsx::Gardens; test_export.xlsx::Gardens; tea_estate_contacts_v2.xlsx::All Contacts; tea_estate_contacts.xlsx::Estate Contacts | K20: =IF(LEN(D20)=10,"OK","Check") -> OK | L20: Send | M20: =IF(L20="Hold","Hold",IF(IFERROR(E20,0)>=200,"High",IF(IFERROR(E20,0)>=100,"Medium","Normal"))) -> Normal | N20: Face + Weight Rs. 499 WhatsApp | O20: Price hook | P20: Price v4 | Q20: https://gardensuite.in/w/face-weight-499 | T20: Failed | U20: Unknown | V20: Unknown | W20: Not offered | X20: =IF(AND(R20<>"",OR(U20="No reply",U20="Unknown")),R20+2,"") | Z20: Open | AA20: =IF(L20="Hold","Do not send",IF(T20="Not sent","Send WhatsApp",IF(U20="Demo booked","Prepare demo",IF(W20="Booked","Prepare demo",IF(AND(X20<>"",Y20=""),"Send follow-up","Review"))))) -> Review | AC20: NOT WHATSAPP NO | AD20: =IF(AA20="Prepare demo",1,IF(AA20="Send follow-up",2,IF(AA20="Send WhatsApp",3,IF(AA20="Review",4,IF(AA20="Do not send",9,5))))) -> 4 | AE20: =IF(M20="High",1,IF(M20="Medium",2,IF(M20="Normal",3,IF(M20="Hold",9,4)))) -> 3 | AF20: =IF(T20="Read",1,IF(T20="Delivered",2,IF(T20="Sent",3,IF(T20="Not sent",4,IF(T20="Failed",9,5))))) -> 9 | AG20: =IF(U20="Demo booked",1,IF(U20="Interested",2,IF(U20="Replied",3,IF(U20="No reply",5,IF(U20="Not interested",8,IF(U20="Bad number",9,6)))))) -> 6 | AH20: =AD20*1000+AN20*100+AE20*10+AG20 -> 4436 | AI20: =MAX(IF(R20="",0,R20),IF(Y20="",0,Y20)) -> 0 | AJ20: =IF(AND(X20<>"",Y20="",X20<TODAY()),"Overdue",IF(AND(X20<>"",Y20="",X20=TODAY()),"Due today",IF(Y20<>"","Follow-up sent",""))) | AK20: Google Maps | AL20: Google Maps enrichment | AM20: Lower priority: Maps result cannot be verified without manual check | AN20: 4 | AO20: https://wa.me/916901259873 | AP20: Unchecked
A21: GSW044 | B21: Dekhari T.E. (Mahmora Division Unit II) | C21: Dekhari T.E. (Mahmora Division Unit II) | D21: 9435132151 | F21: Imported - High | H21: 46161 | I21: Direct estate number list; Generated garden export. District: Dibrugarh State: Assam; Original personal number. Phone type: . In original list: Yes | J21: Source: Tea Estates number required.xlsx::Sheet1; dibrugarh.xlsx::Gardens; test_export.xlsx::Gardens; tea_estate_contacts_v2.xlsx::All Contacts; tea_estate_contacts.xlsx::Estate Contacts | K21: =IF(LEN(D21)=10,"OK","Check") -> OK | L21: Send | M21: =IF(L21="Hold","Hold",IF(IFERROR(E21,0)>=200,"High",IF(IFERROR(E21,0)>=100,"Medium","Normal"))) -> Normal | N21: Face + Weight Rs. 499 WhatsApp | O21: Price hook | P21: Price v4 | Q21: https://gardensuite.in/w/face-weight-499 | T21: Delivered | U21: Unknown | V21: Unknown | W21: Not offered | X21: =IF(AND(R21<>"",OR(U21="No reply",U21="Unknown")),R21+2,"") | Z21: Open | AA21: =IF(L21="Hold","Do not send",IF(T21="Not sent","Send WhatsApp",IF(U21="Demo booked","Prepare demo",IF(W21="Booked","Prepare demo",IF(AND(X21<>"",Y21=""),"Send follow-up","Review"))))) -> Review | AC21: Imported from extract_garden. Confidence: High. Direct estate number list; Generated garden export. District: Dibrugarh State: Assam; Original personal number. Phone type: . In original list: Yes | AD21: =IF(AA21="Prepare demo",1,IF(AA21="Send follow-up",2,IF(AA21="Send WhatsApp",3,IF(AA21="Review",4,IF(AA21="Do not send",9,5))))) -> 4 | AE21: =IF(M21="High",1,IF(M21="Medium",2,IF(M21="Normal",3,IF(M21="Hold",9,4)))) -> 3 | AF21: =IF(T21="Read",1,IF(T21="Delivered",2,IF(T21="Sent",3,IF(T21="Not sent",4,IF(T21="Failed",9,5))))) -> 2 | AG21: =IF(U21="Demo booked",1,IF(U21="Interested",2,IF(U21="Replied",3,IF(U21="No reply",5,IF(U21="Not interested",8,IF(U21="Bad number",9,6)))))) -> 6 | AH21: =AD21*1000+AN21*100+AE21*10+AG21 -> 4436 | AI21: =MAX(IF(R21="",0,R21),IF(Y21="",0,Y21)) -> 0 | AJ21: =IF(AND(X21<>"",Y21="",X21<TODAY()),"Overdue",IF(AND(X21<>"",Y21="",X21=TODAY()),"Due today",IF(Y21<>"","Follow-up sent",""))) | AK21: Google Maps | AL21: Google Maps enrichment | AM21: Lower priority: Maps result cannot be verified without manual check | AN21: 4 | AO21: https://wa.me/919435132151 | AP21: Unchecked
A22: GSW045 | B22: Dinjan T.E. | C22: Dinjan T.E. | D22: 9954440448 | F22: Imported - High | H22: 46161 | I22: Direct estate number list; Generated garden export. District: Dibrugarh State: Assam; Original personal number. Phone type: . In original list: Yes | J22: Source: Tea Estates number required.xlsx::Sheet1; dibrugarh.xlsx::Gardens; test_export.xlsx::Gardens; tea_estate_contacts_v2.xlsx::All Contacts; tea_estate_contacts.xlsx::Estate Contacts | K22: =IF(LEN(D22)=10,"OK","Check") -> OK | L22: Send | M22: =IF(L22="Hold","Hold",IF(IFERROR(E22,0)>=200,"High",IF(IFERROR(E22,0)>=100,"Medium","Normal"))) -> Normal | N22: Face + Weight Rs. 499 WhatsApp | O22: Price hook | P22: Price v4 | Q22: https://gardensuite.in/w/face-weight-499 | T22: Delivered | U22: Unknown | V22: Unknown | W22: Not offered | X22: =IF(AND(R22<>"",OR(U22="No reply",U22="Unknown")),R22+2,"") | Z22: Open | AA22: =IF(L22="Hold","Do not send",IF(T22="Not sent","Send WhatsApp",IF(U22="Demo booked","Prepare demo",IF(W22="Booked","Prepare demo",IF(AND(X22<>"",Y22=""),"Send follow-up","Review"))))) -> Review | AC22: Imported from extract_garden. Confidence: High. Direct estate number list; Generated garden export. District: Dibrugarh State: Assam; Original personal number. Phone type: . In original list: Yes | AD22: =IF(AA22="Prepare demo",1,IF(AA22="Send follow-up",2,IF(AA22="Send WhatsApp",3,IF(AA22="Review",4,IF(AA22="Do not send",9,5))))) -> 4 | AE22: =IF(M22="High",1,IF(M22="Medium",2,IF(M22="Normal",3,IF(M22="Hold",9,4)))) -> 3 | AF22: =IF(T22="Read",1,IF(T22="Delivered",2,IF(T22="Sent",3,IF(T22="Not sent",4,IF(T22="Failed",9,5))))) -> 2 | AG22: =IF(U22="Demo booked",1,IF(U22="Interested",2,IF(U22="Replied",3,IF(U22="No reply",5,IF(U22="Not interested",8,IF(U22="Bad number",9,6)))))) -> 6 | AH22: =AD22*1000+AN22*100+AE22*10+AG22 -> 4436 | AI22: =MAX(IF(R22="",0,R22),IF(Y22="",0,Y22)) -> 0 | AJ22: =IF(AND(X22<>"",Y22="",X22<TODAY()),"Overdue",IF(AND(X22<>"",Y22="",X22=TODAY()),"Due today",IF(Y22<>"","Follow-up sent",""))) | AK22: Google Maps | AL22: Google Maps enrichment | AM22: Lower priority: Maps result cannot be verified without manual check | AN22: 4 | AO22: https://wa.me/919954440448 | AP22: Unchecked
A23: GSW046 | B23: Dulia T.E. | C23: Dulia T.E. | D23: 9435030754 | F23: Imported - High | H23: 46161 | I23: Direct estate number list; Generated garden export. District: Dibrugarh State: Assam; Original personal number. Phone type: . In original list: Yes; Original personal number. Phone type: Landline (Dibrugarh). In original list: Yes | J23: Source: Tea Estates number required.xlsx::Sheet1; dibrugarh.xlsx::Gardens; test_export.xlsx::Gardens; tea_estate_contacts_v2.xlsx::All Contacts; tea_estate_contacts.xlsx::Estate Contacts | K23: =IF(LEN(D23)=10,"OK","Check") -> OK | L23: Send | M23: =IF(L23="Hold","Hold",IF(IFERROR(E23,0)>=200,"High",IF(IFERROR(E23,0)>=100,"Medium","Normal"))) -> Normal | N23: Face + Weight Rs. 499 WhatsApp | O23: Price hook | P23: Price v4 | Q23: https://gardensuite.in/w/face-weight-499 | T23: Delivered | U23: Unknown | V23: Unknown | W23: Not offered | X23: =IF(AND(R23<>"",OR(U23="No reply",U23="Unknown")),R23+2,"") | Z23: Open | AA23: =IF(L23="Hold","Do not send",IF(T23="Not sent","Send WhatsApp",IF(U23="Demo booked","Prepare demo",IF(W23="Booked","Prepare demo",IF(AND(X23<>"",Y23=""),"Send follow-up","Review"))))) -> Review | AC23: Imported from extract_garden. Confidence: High. Direct estate number list; Generated garden export. District: Dibrugarh State: Assam; Original personal number. Phone type: . In original list: Yes; Original personal number. Phone type: Landline (Dibrugarh). In original list: Yes | AD23: =IF(AA23="Prepare demo",1,IF(AA23="Send follow-up",2,IF(AA23="Send WhatsApp",3,IF(AA23="Review",4,IF(AA23="Do not send",9,5))))) -> 4 | AE23: =IF(M23="High",1,IF(M23="Medium",2,IF(M23="Normal",3,IF(M23="Hold",9,4)))) -> 3 | AF23: =IF(T23="Read",1,IF(T23="Delivered",2,IF(T23="Sent",3,IF(T23="Not sent",4,IF(T23="Failed",9,5))))) -> 2 | AG23: =IF(U23="Demo booked",1,IF(U23="Interested",2,IF(U23="Replied",3,IF(U23="No reply",5,IF(U23="Not interested",8,IF(U23="Bad number",9,6)))))) -> 6 | AH23: =AD23*1000+AN23*100+AE23*10+AG23 -> 4436 | AI23: =MAX(IF(R23="",0,R23),IF(Y23="",0,Y23)) -> 0 | AJ23: =IF(AND(X23<>"",Y23="",X23<TODAY()),"Overdue",IF(AND(X23<>"",Y23="",X23=TODAY()),"Due today",IF(Y23<>"","Follow-up sent",""))) | AK23: Google Maps | AL23: Google Maps enrichment | AM23: Lower priority: Maps result cannot be verified without manual check | AN23: 4 | AO23: https://wa.me/919435030754 | AP23: Unchecked
A24: GSW047 | B24: Duliabari T.E. (B) | C24: Duliabari T.E. (B) | D24: 9854028014 | F24: Imported - High | H24: 46161 | I24: Direct estate number list; Generated garden export. District: Dibrugarh State: Assam; Original personal number. Phone type: Landline (Dibrugarh). In original list: Yes | J24: Source: Tea Estates number required.xlsx::Sheet1; dibrugarh.xlsx::Gardens; test_export.xlsx::Gardens; tea_estate_contacts_v2.xlsx::All Contacts; tea_estate_contacts.xlsx::Estate Contacts | K24: =IF(LEN(D24)=10,"OK","Check") -> OK | L24: Send | M24: =IF(L24="Hold","Hold",IF(IFERROR(E24,0)>=200,"High",IF(IFERROR(E24,0)>=100,"Medium","Normal"))) -> Normal | N24: Face + Weight Rs. 499 WhatsApp | O24: Price hook | P24: Price v4 | Q24: https://gardensuite.in/w/face-weight-499 | T24: Delivered | U24: Unknown | V24: Unknown | W24: Not offered | X24: =IF(AND(R24<>"",OR(U24="No reply",U24="Unknown")),R24+2,"") | Z24: Open | AA24: =IF(L24="Hold","Do not send",IF(T24="Not sent","Send WhatsApp",IF(U24="Demo booked","Prepare demo",IF(W24="Booked","Prepare demo",IF(AND(X24<>"",Y24=""),"Send follow-up","Review"))))) -> Review | AC24: Imported from extract_garden. Confidence: High. Direct estate number list; Generated garden export. District: Dibrugarh State: Assam; Original personal number. Phone type: Landline (Dibrugarh). In original list: Yes | AD24: =IF(AA24="Prepare demo",1,IF(AA24="Send follow-up",2,IF(AA24="Send WhatsApp",3,IF(AA24="Review",4,IF(AA24="Do not send",9,5))))) -> 4 | AE24: =IF(M24="High",1,IF(M24="Medium",2,IF(M24="Normal",3,IF(M24="Hold",9,4)))) -> 3 | AF24: =IF(T24="Read",1,IF(T24="Delivered",2,IF(T24="Sent",3,IF(T24="Not sent",4,IF(T24="Failed",9,5))))) -> 2 | AG24: =IF(U24="Demo booked",1,IF(U24="Interested",2,IF(U24="Replied",3,IF(U24="No reply",5,IF(U24="Not interested",8,IF(U24="Bad number",9,6)))))) -> 6 | AH24: =AD24*1000+AN24*100+AE24*10+AG24 -> 4436 | AI24: =MAX(IF(R24="",0,R24),IF(Y24="",0,Y24)) -> 0 | AJ24: =IF(AND(X24<>"",Y24="",X24<TODAY()),"Overdue",IF(AND(X24<>"",Y24="",X24=TODAY()),"Due today",IF(Y24<>"","Follow-up sent",""))) | AK24: Google Maps | AL24: Google Maps enrichment | AM24: Lower priority: Maps result cannot be verified without manual check | AN24: 4 | AO24: https://wa.me/919854028014 | AP24: Unchecked
A25: GSW048 | B25: Ghoronia T.E. | C25: Ghoronia T.E. | D25: 8638281523 | F25: Imported - High | H25: 46161 | I25: Direct estate number list; Generated garden export. District: Dibrugarh State: Assam; Original personal number. Phone type: Landline (Dibrugarh). In original list: Yes | J25: Source: Tea Estates number required.xlsx::Sheet1; dibrugarh.xlsx::Gardens; test_export.xlsx::Gardens; tea_estate_contacts_v2.xlsx::All Contacts; tea_estate_contacts.xlsx::Estate Contacts | K25: =IF(LEN(D25)=10,"OK","Check") -> OK | L25: Send | M25: =IF(L25="Hold","Hold",IF(IFERROR(E25,0)>=200,"High",IF(IFERROR(E25,0)>=100,"Medium","Normal"))) -> Normal | N25: Face + Weight Rs. 499 WhatsApp | O25: Price hook | P25: Price v4 | Q25: https://gardensuite.in/w/face-weight-499 | T25: Delivered | U25: Unknown | V25: Unknown | W25: Not offered | X25: =IF(AND(R25<>"",OR(U25="No reply",U25="Unknown")),R25+2,"") | Z25: Open | AA25: =IF(L25="Hold","Do not send",IF(T25="Not sent","Send WhatsApp",IF(U25="Demo booked","Prepare demo",IF(W25="Booked","Prepare demo",IF(AND(X25<>"",Y25=""),"Send follow-up","Review"))))) -> Review | AC25: Imported from extract_garden. Confidence: High. Direct estate number list; Generated garden export. District: Dibrugarh State: Assam; Original personal number. Phone type: Landline (Dibrugarh). In original list: Yes | AD25: =IF(AA25="Prepare demo",1,IF(AA25="Send follow-up",2,IF(AA25="Send WhatsApp",3,IF(AA25="Review",4,IF(AA25="Do not send",9,5))))) -> 4 | AE25: =IF(M25="High",1,IF(M25="Medium",2,IF(M25="Normal",3,IF(M25="Hold",9,4)))) -> 3 | AF25: =IF(T25="Read",1,IF(T25="Delivered",2,IF(T25="Sent",3,IF(T25="Not sent",4,IF(T25="Failed",9,5))))) -> 2 | AG25: =IF(U25="Demo booked",1,IF(U25="Interested",2,IF(U25="Replied",3,IF(U25="No reply",5,IF(U25="Not interested",8,IF(U25="Bad number",9,6)))))) -> 6 | AH25: =AD25*1000+AN25*100+AE25*10+AG25 -> 4436 | AI25: =MAX(IF(R25="",0,R25),IF(Y25="",0,Y25)) -> 0 | AJ25: =IF(AND(X25<>"",Y25="",X25<TODAY()),"Overdue",IF(AND(X25<>"",Y25="",X25=TODAY()),"Due today",IF(Y25<>"","Follow-up sent",""))) | AK25: Google Maps | AL25: Google Maps enrichment | AM25: Lower priority: Maps result cannot be verified without manual check | AN25: 4 | AO25: https://wa.me/918638281523 | AP25: Unchecked
A26: GSW049 | B26: Harishpur T.E. | C26: Harishpur T.E. | D26: 8486071764 | F26: Imported - High | H26: 46161 | I26: Direct estate number list; Generated garden export. District: Dibrugarh State: Assam; Original personal number. Phone type: Other. In original list: Yes | J26: Source: Tea Estates number required.xlsx::Sheet1; dibrugarh.xlsx::Gardens; test_export.xlsx::Gardens; tea_estate_contacts_v2.xlsx::All Contacts; tea_estate_contacts.xlsx::Estate Contacts | K26: =IF(LEN(D26)=10,"OK","Check") -> OK | L26: Send | M26: =IF(L26="Hold","Hold",IF(IFERROR(E26,0)>=200,"High",IF(IFERROR(E26,0)>=100,"Medium","Normal"))) -> Normal | N26: Face + Weight Rs. 499 WhatsApp | O26: Price hook | P26: Price v4 | Q26: https://gardensuite.in/w/face-weight-499 | T26: Read | U26: Demo booked | V26: Unknown | W26: Completed | X26: =IF(AND(R26<>"",OR(U26="No reply",U26="Unknown")),R26+2,"") | Z26: Open | AA26: =IF(L26="Hold","Do not send",IF(T26="Not sent","Send WhatsApp",IF(U26="Demo booked","Prepare demo",IF(W26="Booked","Prepare demo",IF(AND(X26<>"",Y26=""),"Send follow-up","Review"))))) -> Prepare demo | AC26: Imported from extract_garden. Confidence: High. Direct estate number list; Generated garden export. District: Dibrugarh State: Assam; Original personal number. Phone type: Other. In original list: Yes | AD26: =IF(AA26="Prepare demo",1,IF(AA26="Send follow-up",2,IF(AA26="Send WhatsApp",3,IF(AA26="Review",4,IF(AA26="Do not send",9,5))))) -> 1 | AE26: =IF(M26="High",1,IF(M26="Medium",2,IF(M26="Normal",3,IF(M26="Hold",9,4)))) -> 3 | AF26: =IF(T26="Read",1,IF(T26="Delivered",2,IF(T26="Sent",3,IF(T26="Not sent",4,IF(T26="Failed",9,5))))) -> 1 | AG26: =IF(U26="Demo booked",1,IF(U26="Interested",2,IF(U26="Replied",3,IF(U26="No reply",5,IF(U26="Not interested",8,IF(U26="Bad number",9,6)))))) -> 1 | AH26: =AD26*1000+AN26*100+AE26*10+AG26 -> 1431 | AI26: =MAX(IF(R26="",0,R26),IF(Y26="",0,Y26)) -> 0 | AJ26: =IF(AND(X26<>"",Y26="",X26<TODAY()),"Overdue",IF(AND(X26<>"",Y26="",X26=TODAY()),"Due today",IF(Y26<>"","Follow-up sent",""))) | AK26: Google Maps | AL26: Google Maps enrichment | AM26: Lower priority: Maps result cannot be verified without manual check | AN26: 4 | AO26: https://wa.me/918486071764 | AP26: Unchecked
A27: GSW050 | B27: Ida T.E. | C27: Ida T.E. | D27: 9365878796 | F27: Imported - High | H27: 46161 | I27: Direct estate number list; Generated garden export. District: Dibrugarh State: Assam; Original personal number. Phone type: Other. In original list: Yes | J27: Source: Tea Estates number required.xlsx::Sheet1; dibrugarh.xlsx::Gardens; test_export.xlsx::Gardens; tea_estate_contacts_v2.xlsx::All Contacts; tea_estate_contacts.xlsx::Estate Contacts | K27: =IF(LEN(D27)=10,"OK","Check") -> OK | L27: Send | M27: =IF(L27="Hold","Hold",IF(IFERROR(E27,0)>=200,"High",IF(IFERROR(E27,0)>=100,"Medium","Normal"))) -> Normal | N27: Face + Weight Rs. 499 WhatsApp | O27: Price hook | P27: Price v4 | Q27: https://gardensuite.in/w/face-weight-499 | T27: Failed | U27: Unknown | V27: Unknown | W27: Not offered | X27: =IF(AND(R27<>"",OR(U27="No reply",U27="Unknown")),R27+2,"") | Z27: Open | AA27: =IF(L27="Hold","Do not send",IF(T27="Not sent","Send WhatsApp",IF(U27="Demo booked","Prepare demo",IF(W27="Booked","Prepare demo",IF(AND(X27<>"",Y27=""),"Send follow-up","Review"))))) -> Review | AC27: Imported from extract_garden. Confidence: High. Direct estate number list; Generated garden export. District: Dibrugarh State: Assam; Original personal number. Phone type: Other. In original list: Yes | AD27: =IF(AA27="Prepare demo",1,IF(AA27="Send follow-up",2,IF(AA27="Send WhatsApp",3,IF(AA27="Review",4,IF(AA27="Do not send",9,5))))) -> 4 | AE27: =IF(M27="High",1,IF(M27="Medium",2,IF(M27="Normal",3,IF(M27="Hold",9,4)))) -> 3 | AF27: =IF(T27="Read",1,IF(T27="Delivered",2,IF(T27="Sent",3,IF(T27="Not sent",4,IF(T27="Failed",9,5))))) -> 9 | AG27: =IF(U27="Demo booked",1,IF(U27="Interested",2,IF(U27="Replied",3,IF(U27="No reply",5,IF(U27="Not interested",8,IF(U27="Bad number",9,6)))))) -> 6 | AH27: =AD27*1000+AN27*100+AE27*10+AG27 -> 4436 | AI27: =MAX(IF(R27="",0,R27),IF(Y27="",0,Y27)) -> 0 | AJ27: =IF(AND(X27<>"",Y27="",X27<TODAY()),"Overdue",IF(AND(X27<>"",Y27="",X27=TODAY()),"Due today",IF(Y27<>"","Follow-up sent",""))) | AK27: Google Maps | AL27: Google Maps enrichment | AM27: Lower priority: Maps result cannot be verified without manual check | AN27: 4 | AO27: https://wa.me/919365878796 | AP27: Unchecked
... A129: GSW152 | B129: 290 | C129: 290 | D129: 9954477332 | F129: Imported - Low | H129: 46161 | I129: Parsed from Assam Tea Directory row, verify before sending | J129: Source: Tea-Directory-Assam.xls::Worksheet | K129: =IF(LEN(D129)=10,"OK","Check") -> OK | L129: Hold | M129: =IF(L129="Hold","Hold",IF(IFERROR(E129,0)>=200,"High",IF(IFERROR(E129,0)>=100,"Medium","Normal"))) -> Hold | N129: Face + Weight Rs. 499 WhatsApp | O129: Price hook | P129: Price v4 | Q129: https://gardensuite.in/w/face-weight-499 | T129: Not sent | U129: Unknown | V129: Unknown | W129: Not offered | X129: =IF(AND(R129<>"",OR(U129="No reply",U129="Unknown")),R129+2,"") | Z129: Open | AA129: =IF(L129="Hold","Do not send",IF(T129="Not sent","Send WhatsApp",IF(U129="Demo booked","Prepare demo",IF(W129="Booked","Prepare demo",IF(AND(X129<>"",Y129=""),"Send follow-up","Review"))))) -> Do not send | AC129: Imported from extract_garden. Confidence: Low. Parsed from Assam Tea Directory row, verify before sending | AD129: =IF(AA129="Prepare demo",1,IF(AA129="Send follow-up",2,IF(AA129="Send WhatsApp",3,IF(AA129="Review",4,IF(AA129="Do not send",9,5))))) -> 9 | AE129: =IF(M129="High",1,IF(M129="Medium",2,IF(M129="Normal",3,IF(M129="Hold",9,4)))) -> 9 | AF129: =IF(T129="Read",1,IF(T129="Delivered",2,IF(T129="Sent",3,IF(T129="Not sent",4,IF(T129="Failed",9,5))))) -> 4 | AG129: =IF(U129="Demo booked",1,IF(U129="Interested",2,IF(U129="Replied",3,IF(U129="No reply",5,IF(U129="Not interested",8,IF(U129="Bad number",9,6)))))) -> 6 | AH129: =AD129*1000+AN129*100+AE129*10+AG129 -> 9596 | AI129: =MAX(IF(R129="",0,R129),IF(Y129="",0,Y129)) -> 0 | AJ129: =IF(AND(X129<>"",Y129="",X129<TODAY()),"Overdue",IF(AND(X129<>"",Y129="",X129=TODAY()),"Due today",IF(Y129<>"","Follow-up sent",""))) | AK129: Assam Tea Directory | AL129: Parsed directory row | AM129: Low confidence: verify before sending | AN129: 5 | AO129: https://wa.me/919954477332 | AP129: Unchecked
A130: GSW153 | B130: Imported contact | D130: 9830040029 | F130: Imported - Low | H130: 46161 | I130: Parsed from Assam Tea Directory row, verify before sending | J130: Source: Tea-Directory-Assam.xls::Worksheet | K130: =IF(LEN(D130)=10,"OK","Check") -> OK | L130: Hold | M130: =IF(L130="Hold","Hold",IF(IFERROR(E130,0)>=200,"High",IF(IFERROR(E130,0)>=100,"Medium","Normal"))) -> Hold | N130: Face + Weight Rs. 499 WhatsApp | O130: Price hook | P130: Price v4 | Q130: https://gardensuite.in/w/face-weight-499 | T130: Not sent | U130: Unknown | V130: Unknown | W130: Not offered | X130: =IF(AND(R130<>"",OR(U130="No reply",U130="Unknown")),R130+2,"") | Z130: Open | AA130: =IF(L130="Hold","Do not send",IF(T130="Not sent","Send WhatsApp",IF(U130="Demo booked","Prepare demo",IF(W130="Booked","Prepare demo",IF(AND(X130<>"",Y130=""),"Send follow-up","Review"))))) -> Do not send | AC130: Imported from extract_garden. Confidence: Low. Parsed from Assam Tea Directory row, verify before sending | AD130: =IF(AA130="Prepare demo",1,IF(AA130="Send follow-up",2,IF(AA130="Send WhatsApp",3,IF(AA130="Review",4,IF(AA130="Do not send",9,5))))) -> 9 | AE130: =IF(M130="High",1,IF(M130="Medium",2,IF(M130="Normal",3,IF(M130="Hold",9,4)))) -> 9 | AF130: =IF(T130="Read",1,IF(T130="Delivered",2,IF(T130="Sent",3,IF(T130="Not sent",4,IF(T130="Failed",9,5))))) -> 4 | AG130: =IF(U130="Demo booked",1,IF(U130="Interested",2,IF(U130="Replied",3,IF(U130="No reply",5,IF(U130="Not interested",8,IF(U130="Bad number",9,6)))))) -> 6 | AH130: =AD130*1000+AN130*100+AE130*10+AG130 -> 9596 | AI130: =MAX(IF(R130="",0,R130),IF(Y130="",0,Y130)) -> 0 | AJ130: =IF(AND(X130<>"",Y130="",X130<TODAY()),"Overdue",IF(AND(X130<>"",Y130="",X130=TODAY()),"Due today",IF(Y130<>"","Follow-up sent",""))) | AK130: Assam Tea Directory | AL130: Parsed directory row | AM130: Low confidence: verify before sending | AN130: 5 | AO130: https://wa.me/919830040029 | AP130: Unchecked
A131: GSW154 | B131: Imported contact | D131: 9435136563 | F131: Imported - Low | H131: 46161 | I131: Parsed from Assam Tea Directory row, verify before sending | J131: Source: Tea-Directory-Assam.xls::Worksheet | K131: =IF(LEN(D131)=10,"OK","Check") -> OK | L131: Hold | M131: =IF(L131="Hold","Hold",IF(IFERROR(E131,0)>=200,"High",IF(IFERROR(E131,0)>=100,"Medium","Normal"))) -> Hold | N131: Face + Weight Rs. 499 WhatsApp | O131: Price hook | P131: Price v4 | Q131: https://gardensuite.in/w/face-weight-499 | T131: Not sent | U131: Unknown | V131: Unknown | W131: Not offered | X131: =IF(AND(R131<>"",OR(U131="No reply",U131="Unknown")),R131+2,"") | Z131: Open | AA131: =IF(L131="Hold","Do not send",IF(T131="Not sent","Send WhatsApp",IF(U131="Demo booked","Prepare demo",IF(W131="Booked","Prepare demo",IF(AND(X131<>"",Y131=""),"Send follow-up","Review"))))) -> Do not send | AC131: Imported from extract_garden. Confidence: Low. Parsed from Assam Tea Directory row, verify before sending | AD131: =IF(AA131="Prepare demo",1,IF(AA131="Send follow-up",2,IF(AA131="Send WhatsApp",3,IF(AA131="Review",4,IF(AA131="Do not send",9,5))))) -> 9 | AE131: =IF(M131="High",1,IF(M131="Medium",2,IF(M131="Normal",3,IF(M131="Hold",9,4)))) -> 9 | AF131: =IF(T131="Read",1,IF(T131="Delivered",2,IF(T131="Sent",3,IF(T131="Not sent",4,IF(T131="Failed",9,5))))) -> 4 | AG131: =IF(U131="Demo booked",1,IF(U131="Interested",2,IF(U131="Replied",3,IF(U131="No reply",5,IF(U131="Not interested",8,IF(U131="Bad number",9,6)))))) -> 6 | AH131: =AD131*1000+AN131*100+AE131*10+AG131 -> 9596 | AI131: =MAX(IF(R131="",0,R131),IF(Y131="",0,Y131)) -> 0 | AJ131: =IF(AND(X131<>"",Y131="",X131<TODAY()),"Overdue",IF(AND(X131<>"",Y131="",X131=TODAY()),"Due today",IF(Y131<>"","Follow-up sent",""))) | AK131: Assam Tea Directory | AL131: Parsed directory row | AM131: Low confidence: verify before sending | AN131: 5 | AO131: https://wa.me/919435136563 | AP131: Unchecked
A132: GSW155 | B132: Imported contact | D132: 9831011765 | F132: Imported - Low | H132: 46161 | I132: Parsed from Assam Tea Directory row, verify before sending | J132: Source: Tea-Directory-Assam.xls::Worksheet | K132: =IF(LEN(D132)=10,"OK","Check") -> OK | L132: Hold | M132: =IF(L132="Hold","Hold",IF(IFERROR(E132,0)>=200,"High",IF(IFERROR(E132,0)>=100,"Medium","Normal"))) -> Hold | N132: Face + Weight Rs. 499 WhatsApp | O132: Price hook | P132: Price v4 | Q132: https://gardensuite.in/w/face-weight-499 | T132: Not sent | U132: Unknown | V132: Unknown | W132: Not offered | X132: =IF(AND(R132<>"",OR(U132="No reply",U132="Unknown")),R132+2,"") | Z132: Open | AA132: =IF(L132="Hold","Do not send",IF(T132="Not sent","Send WhatsApp",IF(U132="Demo booked","Prepare demo",IF(W132="Booked","Prepare demo",IF(AND(X132<>"",Y132=""),"Send follow-up","Review"))))) -> Do not send | AC132: Imported from extract_garden. Confidence: Low. Parsed from Assam Tea Directory row, verify before sending | AD132: =IF(AA132="Prepare demo",1,IF(AA132="Send follow-up",2,IF(AA132="Send WhatsApp",3,IF(AA132="Review",4,IF(AA132="Do not send",9,5))))) -> 9 | AE132: =IF(M132="High",1,IF(M132="Medium",2,IF(M132="Normal",3,IF(M132="Hold",9,4)))) -> 9 | AF132: =IF(T132="Read",1,IF(T132="Delivered",2,IF(T132="Sent",3,IF(T132="Not sent",4,IF(T132="Failed",9,5))))) -> 4 | AG132: =IF(U132="Demo booked",1,IF(U132="Interested",2,IF(U132="Replied",3,IF(U132="No reply",5,IF(U132="Not interested",8,IF(U132="Bad number",9,6)))))) -> 6 | AH132: =AD132*1000+AN132*100+AE132*10+AG132 -> 9596 | AI132: =MAX(IF(R132="",0,R132),IF(Y132="",0,Y132)) -> 0 | AJ132: =IF(AND(X132<>"",Y132="",X132<TODAY()),"Overdue",IF(AND(X132<>"",Y132="",X132=TODAY()),"Due today",IF(Y132<>"","Follow-up sent",""))) | AK132: Assam Tea Directory | AL132: Parsed directory row | AM132: Low confidence: verify before sending | AN132: 5 | AO132: https://wa.me/919831011765 | AP132: Unchecked
A133: GSW156 | B133: Imported contact | D133: 9435333314 | F133: Imported - Low | H133: 46161 | I133: Parsed from Assam Tea Directory row, verify before sending | J133: Source: Tea-Directory-Assam.xls::Worksheet | K133: =IF(LEN(D133)=10,"OK","Check") -> OK | L133: Hold | M133: =IF(L133="Hold","Hold",IF(IFERROR(E133,0)>=200,"High",IF(IFERROR(E133,0)>=100,"Medium","Normal"))) -> Hold | N133: Face + Weight Rs. 499 WhatsApp | O133: Price hook | P133: Price v4 | Q133: https://gardensuite.in/w/face-weight-499 | T133: Not sent | U133: Unknown | V133: Unknown | W133: Not offered | X133: =IF(AND(R133<>"",OR(U133="No reply",U133="Unknown")),R133+2,"") | Z133: Open | AA133: =IF(L133="Hold","Do not send",IF(T133="Not sent","Send WhatsApp",IF(U133="Demo booked","Prepare demo",IF(W133="Booked","Prepare demo",IF(AND(X133<>"",Y133=""),"Send follow-up","Review"))))) -> Do not send | AC133: Imported from extract_garden. Confidence: Low. Parsed from Assam Tea Directory row, verify before sending | AD133: =IF(AA133="Prepare demo",1,IF(AA133="Send follow-up",2,IF(AA133="Send WhatsApp",3,IF(AA133="Review",4,IF(AA133="Do not send",9,5))))) -> 9 | AE133: =IF(M133="High",1,IF(M133="Medium",2,IF(M133="Normal",3,IF(M133="Hold",9,4)))) -> 9 | AF133: =IF(T133="Read",1,IF(T133="Delivered",2,IF(T133="Sent",3,IF(T133="Not sent",4,IF(T133="Failed",9,5))))) -> 4 | AG133: =IF(U133="Demo booked",1,IF(U133="Interested",2,IF(U133="Replied",3,IF(U133="No reply",5,IF(U133="Not interested",8,IF(U133="Bad number",9,6)))))) -> 6 | AH133: =AD133*1000+AN133*100+AE133*10+AG133 -> 9596 | AI133: =MAX(IF(R133="",0,R133),IF(Y133="",0,Y133)) -> 0 | AJ133: =IF(AND(X133<>"",Y133="",X133<TODAY()),"Overdue",IF(AND(X133<>"",Y133="",X133=TODAY()),"Due today",IF(Y133<>"","Follow-up sent",""))) | AK133: Assam Tea Directory | AL133: Parsed directory row | AM133: Low confidence: verify before sending | AN133: 5 | AO133: https://wa.me/919435333314 | AP133: Unchecked
A134: GSW157 | B134: Imported contact | D134: 9435158668 | F134: Imported - Low | H134: 46161 | I134: Parsed from Assam Tea Directory row, verify before sending | J134: Source: Tea-Directory-Assam.xls::Worksheet | K134: =IF(LEN(D134)=10,"OK","Check") -> OK | L134: Hold | M134: =IF(L134="Hold","Hold",IF(IFERROR(E134,0)>=200,"High",IF(IFERROR(E134,0)>=100,"Medium","Normal"))) -> Hold | N134: Face + Weight Rs. 499 WhatsApp | O134: Price hook | P134: Price v4 | Q134: https://gardensuite.in/w/face-weight-499 | T134: Not sent | U134: Unknown | V134: Unknown | W134: Not offered | X134: =IF(AND(R134<>"",OR(U134="No reply",U134="Unknown")),R134+2,"") | Z134: Open | AA134: =IF(L134="Hold","Do not send",IF(T134="Not sent","Send WhatsApp",IF(U134="Demo booked","Prepare demo",IF(W134="Booked","Prepare demo",IF(AND(X134<>"",Y134=""),"Send follow-up","Review"))))) -> Do not send | AC134: Imported from extract_garden. Confidence: Low. Parsed from Assam Tea Directory row, verify before sending | AD134: =IF(AA134="Prepare demo",1,IF(AA134="Send follow-up",2,IF(AA134="Send WhatsApp",3,IF(AA134="Review",4,IF(AA134="Do not send",9,5))))) -> 9 | AE134: =IF(M134="High",1,IF(M134="Medium",2,IF(M134="Normal",3,IF(M134="Hold",9,4)))) -> 9 | AF134: =IF(T134="Read",1,IF(T134="Delivered",2,IF(T134="Sent",3,IF(T134="Not sent",4,IF(T134="Failed",9,5))))) -> 4 | AG134: =IF(U134="Demo booked",1,IF(U134="Interested",2,IF(U134="Replied",3,IF(U134="No reply",5,IF(U134="Not interested",8,IF(U134="Bad number",9,6)))))) -> 6 | AH134: =AD134*1000+AN134*100+AE134*10+AG134 -> 9596 | AI134: =MAX(IF(R134="",0,R134),IF(Y134="",0,Y134)) -> 0 | AJ134: =IF(AND(X134<>"",Y134="",X134<TODAY()),"Overdue",IF(AND(X134<>"",Y134="",X134=TODAY()),"Due today",IF(Y134<>"","Follow-up sent",""))) | AK134: Assam Tea Directory | AL134: Parsed directory row | AM134: Low confidence: verify before sending | AN134: 5 | AO134: https://wa.me/919435158668 | AP134: Unchecked
A135: GSW158 | B135: Imported contact | D135: 9954498848 | F135: Imported - Low | H135: 46161 | I135: Parsed from Assam Tea Directory row, verify before sending | J135: Source: Tea-Directory-Assam.xls::Worksheet | K135: =IF(LEN(D135)=10,"OK","Check") -> OK | L135: Hold | M135: =IF(L135="Hold","Hold",IF(IFERROR(E135,0)>=200,"High",IF(IFERROR(E135,0)>=100,"Medium","Normal"))) -> Hold | N135: Face + Weight Rs. 499 WhatsApp | O135: Price hook | P135: Price v4 | Q135: https://gardensuite.in/w/face-weight-499 | T135: Not sent | U135: Unknown | V135: Unknown | W135: Not offered | X135: =IF(AND(R135<>"",OR(U135="No reply",U135="Unknown")),R135+2,"") | Z135: Open | AA135: =IF(L135="Hold","Do not send",IF(T135="Not sent","Send WhatsApp",IF(U135="Demo booked","Prepare demo",IF(W135="Booked","Prepare demo",IF(AND(X135<>"",Y135=""),"Send follow-up","Review"))))) -> Do not send | AC135: Imported from extract_garden. Confidence: Low. Parsed from Assam Tea Directory row, verify before sending | AD135: =IF(AA135="Prepare demo",1,IF(AA135="Send follow-up",2,IF(AA135="Send WhatsApp",3,IF(AA135="Review",4,IF(AA135="Do not send",9,5))))) -> 9 | AE135: =IF(M135="High",1,IF(M135="Medium",2,IF(M135="Normal",3,IF(M135="Hold",9,4)))) -> 9 | AF135: =IF(T135="Read",1,IF(T135="Delivered",2,IF(T135="Sent",3,IF(T135="Not sent",4,IF(T135="Failed",9,5))))) -> 4 | AG135: =IF(U135="Demo booked",1,IF(U135="Interested",2,IF(U135="Replied",3,IF(U135="No reply",5,IF(U135="Not interested",8,IF(U135="Bad number",9,6)))))) -> 6 | AH135: =AD135*1000+AN135*100+AE135*10+AG135 -> 9596 | AI135: =MAX(IF(R135="",0,R135),IF(Y135="",0,Y135)) -> 0 | AJ135: =IF(AND(X135<>"",Y135="",X135<TODAY()),"Overdue",IF(AND(X135<>"",Y135="",X135=TODAY()),"Due today",IF(Y135<>"","Follow-up sent",""))) | AK135: Assam Tea Directory | AL135: Parsed directory row | AM135: Low confidence: verify before sending | AN135: 5 | AO135: https://wa.me/919954498848 | AP135: Unchecked
A136: GSW159 | B136: Imported contact | D136: 9836343222 | F136: Imported - Low | H136: 46161 | I136: Parsed from Assam Tea Directory row, verify before sending | J136: Source: Tea-Directory-Assam.xls::Worksheet | K136: =IF(LEN(D136)=10,"OK","Check") -> OK | L136: Hold | M136: =IF(L136="Hold","Hold",IF(IFERROR(E136,0)>=200,"High",IF(IFERROR(E136,0)>=100,"Medium","Normal"))) -> Hold | N136: Face + Weight Rs. 499 WhatsApp | O136: Price hook | P136: Price v4 | Q136: https://gardensuite.in/w/face-weight-499 | T136: Not sent | U136: Unknown | V136: Unknown | W136: Not offered | X136: =IF(AND(R136<>"",OR(U136="No reply",U136="Unknown")),R136+2,"") | Z136: Open | AA136: =IF(L136="Hold","Do not send",IF(T136="Not sent","Send WhatsApp",IF(U136="Demo booked","Prepare demo",IF(W136="Booked","Prepare demo",IF(AND(X136<>"",Y136=""),"Send follow-up","Review"))))) -> Do not send | AC136: Imported from extract_garden. Confidence: Low. Parsed from Assam Tea Directory row, verify before sending | AD136: =IF(AA136="Prepare demo",1,IF(AA136="Send follow-up",2,IF(AA136="Send WhatsApp",3,IF(AA136="Review",4,IF(AA136="Do not send",9,5))))) -> 9 | AE136: =IF(M136="High",1,IF(M136="Medium",2,IF(M136="Normal",3,IF(M136="Hold",9,4)))) -> 9 | AF136: =IF(T136="Read",1,IF(T136="Delivered",2,IF(T136="Sent",3,IF(T136="Not sent",4,IF(T136="Failed",9,5))))) -> 4 | AG136: =IF(U136="Demo booked",1,IF(U136="Interested",2,IF(U136="Replied",3,IF(U136="No reply",5,IF(U136="Not interested",8,IF(U136="Bad number",9,6)))))) -> 6 | AH136: =AD136*1000+AN136*100+AE136*10+AG136 -> 9596 | AI136: =MAX(IF(R136="",0,R136),IF(Y136="",0,Y136)) -> 0 | AJ136: =IF(AND(X136<>"",Y136="",X136<TODAY()),"Overdue",IF(AND(X136<>"",Y136="",X136=TODAY()),"Due today",IF(Y136<>"","Follow-up sent",""))) | AK136: Assam Tea Directory | AL136: Parsed directory row | AM136: Low confidence: verify before sending | AN136: 5 | AO136: https://wa.me/919836343222 | AP136: Unchecked
A137: GSW160 | B137: Imported contact | D137: 9435173033 | F137: Imported - Low | H137: 46161 | I137: Parsed from Assam Tea Directory row, verify before sending | J137: Source: Tea-Directory-Assam.xls::Worksheet | K137: =IF(LEN(D137)=10,"OK","Check") -> OK | L137: Hold | M137: =IF(L137="Hold","Hold",IF(IFERROR(E137,0)>=200,"High",IF(IFERROR(E137,0)>=100,"Medium","Normal"))) -> Hold | N137: Face + Weight Rs. 499 WhatsApp | O137: Price hook | P137: Price v4 | Q137: https://gardensuite.in/w/face-weight-499 | T137: Not sent | U137: Unknown | V137: Unknown | W137: Not offered | X137: =IF(AND(R137<>"",OR(U137="No reply",U137="Unknown")),R137+2,"") | Z137: Open | AA137: =IF(L137="Hold","Do not send",IF(T137="Not sent","Send WhatsApp",IF(U137="Demo booked","Prepare demo",IF(W137="Booked","Prepare demo",IF(AND(X137<>"",Y137=""),"Send follow-up","Review"))))) -> Do not send | AC137: Imported from extract_garden. Confidence: Low. Parsed from Assam Tea Directory row, verify before sending | AD137: =IF(AA137="Prepare demo",1,IF(AA137="Send follow-up",2,IF(AA137="Send WhatsApp",3,IF(AA137="Review",4,IF(AA137="Do not send",9,5))))) -> 9 | AE137: =IF(M137="High",1,IF(M137="Medium",2,IF(M137="Normal",3,IF(M137="Hold",9,4)))) -> 9 | AF137: =IF(T137="Read",1,IF(T137="Delivered",2,IF(T137="Sent",3,IF(T137="Not sent",4,IF(T137="Failed",9,5))))) -> 4 | AG137: =IF(U137="Demo booked",1,IF(U137="Interested",2,IF(U137="Replied",3,IF(U137="No reply",5,IF(U137="Not interested",8,IF(U137="Bad number",9,6)))))) -> 6 | AH137: =AD137*1000+AN137*100+AE137*10+AG137 -> 9596 | AI137: =MAX(IF(R137="",0,R137),IF(Y137="",0,Y137)) -> 0 | AJ137: =IF(AND(X137<>"",Y137="",X137<TODAY()),"Overdue",IF(AND(X137<>"",Y137="",X137=TODAY()),"Due today",IF(Y137<>"","Follow-up sent",""))) | AK137: Assam Tea Directory | AL137: Parsed directory row | AM137: Low confidence: verify before sending | AN137: 5 | AO137: https://wa.me/919435173033 | AP137: Unchecked
A138: GSW161 | B138: Imported contact | D138: 9435184537 | F138: Imported - Low | H138: 46161 | I138: Parsed from Assam Tea Directory row, verify before sending | J138: Source: Tea-Directory-Assam.xls::Worksheet | K138: =IF(LEN(D138)=10,"OK","Check") -> OK | L138: Hold | M138: =IF(L138="Hold","Hold",IF(IFERROR(E138,0)>=200,"High",IF(IFERROR(E138,0)>=100,"Medium","Normal"))) -> Hold | N138: Face + Weight Rs. 499 WhatsApp | O138: Price hook | P138: Price v4 | Q138: https://gardensuite.in/w/face-weight-499 | T138: Not sent | U138: Unknown | V138: Unknown | W138: Not offered | X138: =IF(AND(R138<>"",OR(U138="No reply",U138="Unknown")),R138+2,"") | Z138: Open | AA138: =IF(L138="Hold","Do not send",IF(T138="Not sent","Send WhatsApp",IF(U138="Demo booked","Prepare demo",IF(W138="Booked","Prepare demo",IF(AND(X138<>"",Y138=""),"Send follow-up","Review"))))) -> Do not send | AC138: Imported from extract_garden. Confidence: Low. Parsed from Assam Tea Directory row, verify before sending | AD138: =IF(AA138="Prepare demo",1,IF(AA138="Send follow-up",2,IF(AA138="Send WhatsApp",3,IF(AA138="Review",4,IF(AA138="Do not send",9,5))))) -> 9 | AE138: =IF(M138="High",1,IF(M138="Medium",2,IF(M138="Normal",3,IF(M138="Hold",9,4)))) -> 9 | AF138: =IF(T138="Read",1,IF(T138="Delivered",2,IF(T138="Sent",3,IF(T138="Not sent",4,IF(T138="Failed",9,5))))) -> 4 | AG138: =IF(U138="Demo booked",1,IF(U138="Interested",2,IF(U138="Replied",3,IF(U138="No reply",5,IF(U138="Not interested",8,IF(U138="Bad number",9,6)))))) -> 6 | AH138: =AD138*1000+AN138*100+AE138*10+AG138 -> 9596 | AI138: =MAX(IF(R138="",0,R138),IF(Y138="",0,Y138)) -> 0 | AJ138: =IF(AND(X138<>"",Y138="",X138<TODAY()),"Overdue",IF(AND(X138<>"",Y138="",X138=TODAY()),"Due today",IF(Y138<>"","Follow-up sent",""))) | AK138: Assam Tea Directory | AL138: Parsed directory row | AM138: Low confidence: verify before sending | AN138: 5 | AO138: https://wa.me/919435184537 | AP138: Unchecked
A139: GSW162 | B139: Imported contact | D139: 9830250055 | F139: Imported - Low | H139: 46161 | I139: Parsed from Assam Tea Directory row, verify before sending | J139: Source: Tea-Directory-Assam.xls::Worksheet | K139: =IF(LEN(D139)=10,"OK","Check") -> OK | L139: Hold | M139: =IF(L139="Hold","Hold",IF(IFERROR(E139,0)>=200,"High",IF(IFERROR(E139,0)>=100,"Medium","Normal"))) -> Hold | N139: Face + Weight Rs. 499 WhatsApp | O139: Price hook | P139: Price v4 | Q139: https://gardensuite.in/w/face-weight-499 | T139: Not sent | U139: Unknown | V139: Unknown | W139: Not offered | X139: =IF(AND(R139<>"",OR(U139="No reply",U139="Unknown")),R139+2,"") | Z139: Open | AA139: =IF(L139="Hold","Do not send",IF(T139="Not sent","Send WhatsApp",IF(U139="Demo booked","Prepare demo",IF(W139="Booked","Prepare demo",IF(AND(X139<>"",Y139=""),"Send follow-up","Review"))))) -> Do not send | AC139: Imported from extract_garden. Confidence: Low. Parsed from Assam Tea Directory row, verify before sending | AD139: =IF(AA139="Prepare demo",1,IF(AA139="Send follow-up",2,IF(AA139="Send WhatsApp",3,IF(AA139="Review",4,IF(AA139="Do not send",9,5))))) -> 9 | AE139: =IF(M139="High",1,IF(M139="Medium",2,IF(M139="Normal",3,IF(M139="Hold",9,4)))) -> 9 | AF139: =IF(T139="Read",1,IF(T139="Delivered",2,IF(T139="Sent",3,IF(T139="Not sent",4,IF(T139="Failed",9,5))))) -> 4 | AG139: =IF(U139="Demo booked",1,IF(U139="Interested",2,IF(U139="Replied",3,IF(U139="No reply",5,IF(U139="Not interested",8,IF(U139="Bad number",9,6)))))) -> 6 | AH139: =AD139*1000+AN139*100+AE139*10+AG139 -> 9596 | AI139: =MAX(IF(R139="",0,R139),IF(Y139="",0,Y139)) -> 0 | AJ139: =IF(AND(X139<>"",Y139="",X139<TODAY()),"Overdue",IF(AND(X139<>"",Y139="",X139=TODAY()),"Due today",IF(Y139<>"","Follow-up sent",""))) | AK139: Assam Tea Directory | AL139: Parsed directory row | AM139: Low confidence: verify before sending | AN139: 5 | AO139: https://wa.me/919830250055 | AP139: Unchecked
A140: GSW163 | B140: Imported contact | D140: 9435465363 | F140: Imported - Low | H140: 46161 | I140: Parsed from Assam Tea Directory row, verify before sending | J140: Source: Tea-Directory-Assam.xls::Worksheet | K140: =IF(LEN(D140)=10,"OK","Check") -> OK | L140: Hold | M140: =IF(L140="Hold","Hold",IF(IFERROR(E140,0)>=200,"High",IF(IFERROR(E140,0)>=100,"Medium","Normal"))) -> Hold | N140: Face + Weight Rs. 499 WhatsApp | O140: Price hook | P140: Price v4 | Q140: https://gardensuite.in/w/face-weight-499 | T140: Not sent | U140: Unknown | V140: Unknown | W140: Not offered | X140: =IF(AND(R140<>"",OR(U140="No reply",U140="Unknown")),R140+2,"") | Z140: Open | AA140: =IF(L140="Hold","Do not send",IF(T140="Not sent","Send WhatsApp",IF(U140="Demo booked","Prepare demo",IF(W140="Booked","Prepare demo",IF(AND(X140<>"",Y140=""),"Send follow-up","Review"))))) -> Do not send | AC140: Imported from extract_garden. Confidence: Low. Parsed from Assam Tea Directory row, verify before sending | AD140: =IF(AA140="Prepare demo",1,IF(AA140="Send follow-up",2,IF(AA140="Send WhatsApp",3,IF(AA140="Review",4,IF(AA140="Do not send",9,5))))) -> 9 | AE140: =IF(M140="High",1,IF(M140="Medium",2,IF(M140="Normal",3,IF(M140="Hold",9,4)))) -> 9 | AF140: =IF(T140="Read",1,IF(T140="Delivered",2,IF(T140="Sent",3,IF(T140="Not sent",4,IF(T140="Failed",9,5))))) -> 4 | AG140: =IF(U140="Demo booked",1,IF(U140="Interested",2,IF(U140="Replied",3,IF(U140="No reply",5,IF(U140="Not interested",8,IF(U140="Bad number",9,6)))))) -> 6 | AH140: =AD140*1000+AN140*100+AE140*10+AG140 -> 9596 | AI140: =MAX(IF(R140="",0,R140),IF(Y140="",0,Y140)) -> 0 | AJ140: =IF(AND(X140<>"",Y140="",X140<TODAY()),"Overdue",IF(AND(X140<>"",Y140="",X140=TODAY()),"Due today",IF(Y140<>"","Follow-up sent",""))) | AK140: Assam Tea Directory | AL140: Parsed directory row | AM140: Low confidence: verify before sending | AN140: 5 | AO140: https://wa.me/919435465363 | AP140: Unchecked
A141: GSW164 | B141: ASSAM | C141: ASSAM | D141: 9435095930 | F141: Imported - Low | H141: 46161 | I141: Parsed from Assam Tea Directory row, verify before sending | J141: Source: Tea-Directory-Assam.xls::Worksheet | K141: =IF(LEN(D141)=10,"OK","Check") -> OK | L141: Hold | M141: =IF(L141="Hold","Hold",IF(IFERROR(E141,0)>=200,"High",IF(IFERROR(E141,0)>=100,"Medium","Normal"))) -> Hold | N141: Face + Weight Rs. 499 WhatsApp | O141: Price hook | P141: Price v4 | Q141: https://gardensuite.in/w/face-weight-499 | T141: Not sent | U141: Unknown | V141: Unknown | W141: Not offered | X141: =IF(AND(R141<>"",OR(U141="No reply",U141="Unknown")),R141+2,"") | Z141: Open | AA141: =IF(L141="Hold","Do not send",IF(T141="Not sent","Send WhatsApp",IF(U141="Demo booked","Prepare demo",IF(W141="Booked","Prepare demo",IF(AND(X141<>"",Y141=""),"Send follow-up","Review"))))) -> Do not send | AC141: Imported from extract_garden. Confidence: Low. Parsed from Assam Tea Directory row, verify before sending | AD141: =IF(AA141="Prepare demo",1,IF(AA141="Send follow-up",2,IF(AA141="Send WhatsApp",3,IF(AA141="Review",4,IF(AA141="Do not send",9,5))))) -> 9 | AE141: =IF(M141="High",1,IF(M141="Medium",2,IF(M141="Normal",3,IF(M141="Hold",9,4)))) -> 9 | AF141: =IF(T141="Read",1,IF(T141="Delivered",2,IF(T141="Sent",3,IF(T141="Not sent",4,IF(T141="Failed",9,5))))) -> 4 | AG141: =IF(U141="Demo booked",1,IF(U141="Interested",2,IF(U141="Replied",3,IF(U141="No reply",5,IF(U141="Not interested",8,IF(U141="Bad number",9,6)))))) -> 6 | AH141: =AD141*1000+AN141*100+AE141*10+AG141 -> 9596 | AI141: =MAX(IF(R141="",0,R141),IF(Y141="",0,Y141)) -> 0 | AJ141: =IF(AND(X141<>"",Y141="",X141<TODAY()),"Overdue",IF(AND(X141<>"",Y141="",X141=TODAY()),"Due today",IF(Y141<>"","Follow-up sent",""))) | AK141: Assam Tea Directory | AL141: Parsed directory row | AM141: Low confidence: verify before sending | AN141: 5 | AO141: https://wa.me/919435095930 | AP141: Unchecked
A142: GSW165 | B142: Imported contact | D142: 9435180144 | F142: Imported - Low | H142: 46161 | I142: Parsed from Assam Tea Directory row, verify before sending | J142: Source: Tea-Directory-Assam.xls::Worksheet | K142: =IF(LEN(D142)=10,"OK","Check") -> OK | L142: Hold | M142: =IF(L142="Hold","Hold",IF(IFERROR(E142,0)>=200,"High",IF(IFERROR(E142,0)>=100,"Medium","Normal"))) -> Hold | N142: Face + Weight Rs. 499 WhatsApp | O142: Price hook | P142: Price v4 | Q142: https://gardensuite.in/w/face-weight-499 | T142: Not sent | U142: Unknown | V142: Unknown | W142: Not offered | X142: =IF(AND(R142<>"",OR(U142="No reply",U142="Unknown")),R142+2,"") | Z142: Open | AA142: =IF(L142="Hold","Do not send",IF(T142="Not sent","Send WhatsApp",IF(U142="Demo booked","Prepare demo",IF(W142="Booked","Prepare demo",IF(AND(X142<>"",Y142=""),"Send follow-up","Review"))))) -> Do not send | AC142: Imported from extract_garden. Confidence: Low. Parsed from Assam Tea Directory row, verify before sending | AD142: =IF(AA142="Prepare demo",1,IF(AA142="Send follow-up",2,IF(AA142="Send WhatsApp",3,IF(AA142="Review",4,IF(AA142="Do not send",9,5))))) -> 9 | AE142: =IF(M142="High",1,IF(M142="Medium",2,IF(M142="Normal",3,IF(M142="Hold",9,4)))) -> 9 | AF142: =IF(T142="Read",1,IF(T142="Delivered",2,IF(T142="Sent",3,IF(T142="Not sent",4,IF(T142="Failed",9,5))))) -> 4 | AG142: =IF(U142="Demo booked",1,IF(U142="Interested",2,IF(U142="Replied",3,IF(U142="No reply",5,IF(U142="Not interested",8,IF(U142="Bad number",9,6)))))) -> 6 | AH142: =AD142*1000+AN142*100+AE142*10+AG142 -> 9596 | AI142: =MAX(IF(R142="",0,R142),IF(Y142="",0,Y142)) -> 0 | AJ142: =IF(AND(X142<>"",Y142="",X142<TODAY()),"Overdue",IF(AND(X142<>"",Y142="",X142=TODAY()),"Due today",IF(Y142<>"","Follow-up sent",""))) | AK142: Assam Tea Directory | AL142: Parsed directory row | AM142: Low confidence: verify before sending | AN142: 5 | AO142: https://wa.me/919435180144 | AP142: Unchecked
A143: GSW166 | B143: Imported contact | D143: 9435079915 | F143: Imported - Low | H143: 46161 | I143: Parsed from Assam Tea Directory row, verify before sending | J143: Source: Tea-Directory-Assam.xls::Worksheet | K143: =IF(LEN(D143)=10,"OK","Check") -> OK | L143: Hold | M143: =IF(L143="Hold","Hold",IF(IFERROR(E143,0)>=200,"High",IF(IFERROR(E143,0)>=100,"Medium","Normal"))) -> Hold | N143: Face + Weight Rs. 499 WhatsApp | O143: Price hook | P143: Price v4 | Q143: https://gardensuite.in/w/face-weight-499 | T143: Not sent | U143: Unknown | V143: Unknown | W143: Not offered | X143: =IF(AND(R143<>"",OR(U143="No reply",U143="Unknown")),R143+2,"") | Z143: Open | AA143: =IF(L143="Hold","Do not send",IF(T143="Not sent","Send WhatsApp",IF(U143="Demo booked","Prepare demo",IF(W143="Booked","Prepare demo",IF(AND(X143<>"",Y143=""),"Send follow-up","Review"))))) -> Do not send | AC143: Imported from extract_garden. Confidence: Low. Parsed from Assam Tea Directory row, verify before sending | AD143: =IF(AA143="Prepare demo",1,IF(AA143="Send follow-up",2,IF(AA143="Send WhatsApp",3,IF(AA143="Review",4,IF(AA143="Do not send",9,5))))) -> 9 | AE143: =IF(M143="High",1,IF(M143="Medium",2,IF(M143="Normal",3,IF(M143="Hold",9,4)))) -> 9 | AF143: =IF(T143="Read",1,IF(T143="Delivered",2,IF(T143="Sent",3,IF(T143="Not sent",4,IF(T143="Failed",9,5))))) -> 4 | AG143: =IF(U143="Demo booked",1,IF(U143="Interested",2,IF(U143="Replied",3,IF(U143="No reply",5,IF(U143="Not interested",8,IF(U143="Bad number",9,6)))))) -> 6 | AH143: =AD143*1000+AN143*100+AE143*10+AG143 -> 9596 | AI143: =MAX(IF(R143="",0,R143),IF(Y143="",0,Y143)) -> 0 | AJ143: =IF(AND(X143<>"",Y143="",X143<TODAY()),"Overdue",IF(AND(X143<>"",Y143="",X143=TODAY()),"Due today",IF(Y143<>"","Follow-up sent",""))) | AK143: Assam Tea Directory | AL143: Parsed directory row | AM143: Low confidence: verify before sending | AN143: 5 | AO143: https://wa.me/919435079915 | AP143: Unchecked
A144: GSW167 | B144: Imported contact | D144: 7399882662 | F144: Imported - Low | H144: 46161 | I144: Parsed from Assam Tea Directory row, verify before sending | J144: Source: Tea-Directory-Assam.xls::Worksheet | K144: =IF(LEN(D144)=10,"OK","Check") -> OK | L144: Hold | M144: =IF(L144="Hold","Hold",IF(IFERROR(E144,0)>=200,"High",IF(IFERROR(E144,0)>=100,"Medium","Normal"))) -> Hold | N144: Face + Weight Rs. 499 WhatsApp | O144: Price hook | P144: Price v4 | Q144: https://gardensuite.in/w/face-weight-499 | T144: Not sent | U144: Unknown | V144: Unknown | W144: Not offered | X144: =IF(AND(R144<>"",OR(U144="No reply",U144="Unknown")),R144+2,"") | Z144: Open | AA144: =IF(L144="Hold","Do not send",IF(T144="Not sent","Send WhatsApp",IF(U144="Demo booked","Prepare demo",IF(W144="Booked","Prepare demo",IF(AND(X144<>"",Y144=""),"Send follow-up","Review"))))) -> Do not send | AC144: Imported from extract_garden. Confidence: Low. Parsed from Assam Tea Directory row, verify before sending | AD144: =IF(AA144="Prepare demo",1,IF(AA144="Send follow-up",2,IF(AA144="Send WhatsApp",3,IF(AA144="Review",4,IF(AA144="Do not send",9,5))))) -> 9 | AE144: =IF(M144="High",1,IF(M144="Medium",2,IF(M144="Normal",3,IF(M144="Hold",9,4)))) -> 9 | AF144: =IF(T144="Read",1,IF(T144="Delivered",2,IF(T144="Sent",3,IF(T144="Not sent",4,IF(T144="Failed",9,5))))) -> 4 | AG144: =IF(U144="Demo booked",1,IF(U144="Interested",2,IF(U144="Replied",3,IF(U144="No reply",5,IF(U144="Not interested",8,IF(U144="Bad number",9,6)))))) -> 6 | AH144: =AD144*1000+AN144*100+AE144*10+AG144 -> 9596 | AI144: =MAX(IF(R144="",0,R144),IF(Y144="",0,Y144)) -> 0 | AJ144: =IF(AND(X144<>"",Y144="",X144<TODAY()),"Overdue",IF(AND(X144<>"",Y144="",X144=TODAY()),"Due today",IF(Y144<>"","Follow-up sent",""))) | AK144: Assam Tea Directory | AL144: Parsed directory row | AM144: Low confidence: verify before sending | AN144: 5 | AO144: https://wa.me/917399882662 | AP144: Unchecked
A145: GSW168 | B145: Imported contact | D145: 9435010774 | F145: Imported - Low | H145: 46161 | I145: Parsed from Assam Tea Directory row, verify before sending | J145: Source: Tea-Directory-Assam.xls::Worksheet | K145: =IF(LEN(D145)=10,"OK","Check") -> OK | L145: Hold | M145: =IF(L145="Hold","Hold",IF(IFERROR(E145,0)>=200,"High",IF(IFERROR(E145,0)>=100,"Medium","Normal"))) -> Hold | N145: Face + Weight Rs. 499 WhatsApp | O145: Price hook | P145: Price v4 | Q145: https://gardensuite.in/w/face-weight-499 | T145: Not sent | U145: Unknown | V145: Unknown | W145: Not offered | X145: =IF(AND(R145<>"",OR(U145="No reply",U145="Unknown")),R145+2,"") | Z145: Open | AA145: =IF(L145="Hold","Do not send",IF(T145="Not sent","Send WhatsApp",IF(U145="Demo booked","Prepare demo",IF(W145="Booked","Prepare demo",IF(AND(X145<>"",Y145=""),"Send follow-up","Review"))))) -> Do not send | AC145: Imported from extract_garden. Confidence: Low. Parsed from Assam Tea Directory row, verify before sending | AD145: =IF(AA145="Prepare demo",1,IF(AA145="Send follow-up",2,IF(AA145="Send WhatsApp",3,IF(AA145="Review",4,IF(AA145="Do not send",9,5))))) -> 9 | AE145: =IF(M145="High",1,IF(M145="Medium",2,IF(M145="Normal",3,IF(M145="Hold",9,4)))) -> 9 | AF145: =IF(T145="Read",1,IF(T145="Delivered",2,IF(T145="Sent",3,IF(T145="Not sent",4,IF(T145="Failed",9,5))))) -> 4 | AG145: =IF(U145="Demo booked",1,IF(U145="Interested",2,IF(U145="Replied",3,IF(U145="No reply",5,IF(U145="Not interested",8,IF(U145="Bad number",9,6)))))) -> 6 | AH145: =AD145*1000+AN145*100+AE145*10+AG145 -> 9596 | AI145: =MAX(IF(R145="",0,R145),IF(Y145="",0,Y145)) -> 0 | AJ145: =IF(AND(X145<>"",Y145="",X145<TODAY()),"Overdue",IF(AND(X145<>"",Y145="",X145=TODAY()),"Due today",IF(Y145<>"","Follow-up sent",""))) | AK145: Assam Tea Directory | AL145: Parsed directory row | AM145: Low confidence: verify before sending | AN145: 5 | AO145: https://wa.me/919435010774 | AP145: Unchecked
A146: GSW169 | B146: Imported contact | D146: 9435026844 | F146: Imported - Low | H146: 46161 | I146: Parsed from Assam Tea Directory row, verify before sending | J146: Source: Tea-Directory-Assam.xls::Worksheet | K146: =IF(LEN(D146)=10,"OK","Check") -> OK | L146: Hold | M146: =IF(L146="Hold","Hold",IF(IFERROR(E146,0)>=200,"High",IF(IFERROR(E146,0)>=100,"Medium","Normal"))) -> Hold | N146: Face + Weight Rs. 499 WhatsApp | O146: Price hook | P146: Price v4 | Q146: https://gardensuite.in/w/face-weight-499 | T146: Not sent | U146: Unknown | V146: Unknown | W146: Not offered | X146: =IF(AND(R146<>"",OR(U146="No reply",U146="Unknown")),R146+2,"") | Z146: Open | AA146: =IF(L146="Hold","Do not send",IF(T146="Not sent","Send WhatsApp",IF(U146="Demo booked","Prepare demo",IF(W146="Booked","Prepare demo",IF(AND(X146<>"",Y146=""),"Send follow-up","Review"))))) -> Do not send | AC146: Imported from extract_garden. Confidence: Low. Parsed from Assam Tea Directory row, verify before sending | AD146: =IF(AA146="Prepare demo",1,IF(AA146="Send follow-up",2,IF(AA146="Send WhatsApp",3,IF(AA146="Review",4,IF(AA146="Do not send",9,5))))) -> 9 | AE146: =IF(M146="High",1,IF(M146="Medium",2,IF(M146="Normal",3,IF(M146="Hold",9,4)))) -> 9 | AF146: =IF(T146="Read",1,IF(T146="Delivered",2,IF(T146="Sent",3,IF(T146="Not sent",4,IF(T146="Failed",9,5))))) -> 4 | AG146: =IF(U146="Demo booked",1,IF(U146="Interested",2,IF(U146="Replied",3,IF(U146="No reply",5,IF(U146="Not interested",8,IF(U146="Bad number",9,6)))))) -> 6 | AH146: =AD146*1000+AN146*100+AE146*10+AG146 -> 9596 | AI146: =MAX(IF(R146="",0,R146),IF(Y146="",0,Y146)) -> 0 | AJ146: =IF(AND(X146<>"",Y146="",X146<TODAY()),"Overdue",IF(AND(X146<>"",Y146="",X146=TODAY()),"Due today",IF(Y146<>"","Follow-up sent",""))) | AK146: Assam Tea Directory | AL146: Parsed directory row | AM146: Low confidence: verify before sending | AN146: 5 | AO146: https://wa.me/919435026844 | AP146: Unchecked
A147: GSW170 | B147: Imported contact | D147: 9830019050 | F147: Imported - Low | H147: 46161 | I147: Parsed from Assam Tea Directory row, verify before sending | J147: Source: Tea-Directory-Assam.xls::Worksheet | K147: =IF(LEN(D147)=10,"OK","Check") -> OK | L147: Hold | M147: =IF(L147="Hold","Hold",IF(IFERROR(E147,0)>=200,"High",IF(IFERROR(E147,0)>=100,"Medium","Normal"))) -> Hold | N147: Face + Weight Rs. 499 WhatsApp | O147: Price hook | P147: Price v4 | Q147: https://gardensuite.in/w/face-weight-499 | T147: Not sent | U147: Unknown | V147: Unknown | W147: Not offered | X147: =IF(AND(R147<>"",OR(U147="No reply",U147="Unknown")),R147+2,"") | Z147: Open | AA147: =IF(L147="Hold","Do not send",IF(T147="Not sent","Send WhatsApp",IF(U147="Demo booked","Prepare demo",IF(W147="Booked","Prepare demo",IF(AND(X147<>"",Y147=""),"Send follow-up","Review"))))) -> Do not send | AC147: Imported from extract_garden. Confidence: Low. Parsed from Assam Tea Directory row, verify before sending | AD147: =IF(AA147="Prepare demo",1,IF(AA147="Send follow-up",2,IF(AA147="Send WhatsApp",3,IF(AA147="Review",4,IF(AA147="Do not send",9,5))))) -> 9 | AE147: =IF(M147="High",1,IF(M147="Medium",2,IF(M147="Normal",3,IF(M147="Hold",9,4)))) -> 9 | AF147: =IF(T147="Read",1,IF(T147="Delivered",2,IF(T147="Sent",3,IF(T147="Not sent",4,IF(T147="Failed",9,5))))) -> 4 | AG147: =IF(U147="Demo booked",1,IF(U147="Interested",2,IF(U147="Replied",3,IF(U147="No reply",5,IF(U147="Not interested",8,IF(U147="Bad number",9,6)))))) -> 6 | AH147: =AD147*1000+AN147*100+AE147*10+AG147 -> 9596 | AI147: =MAX(IF(R147="",0,R147),IF(Y147="",0,Y147)) -> 0 | AJ147: =IF(AND(X147<>"",Y147="",X147<TODAY()),"Overdue",IF(AND(X147<>"",Y147="",X147=TODAY()),"Due today",IF(Y147<>"","Follow-up sent",""))) | AK147: Assam Tea Directory | AL147: Parsed directory row | AM147: Low confidence: verify before sending | AN147: 5 | AO147: https://wa.me/919830019050 | AP147: Unchecked
A148: GSW171 | B148: Imported contact | D148: 9954229915 | F148: Imported - Low | H148: 46161 | I148: Parsed from Assam Tea Directory row, verify before sending | J148: Source: Tea-Directory-Assam.xls::Worksheet | K148: =IF(LEN(D148)=10,"OK","Check") -> OK | L148: Hold | M148: =IF(L148="Hold","Hold",IF(IFERROR(E148,0)>=200,"High",IF(IFERROR(E148,0)>=100,"Medium","Normal"))) -> Hold | N148: Face + Weight Rs. 499 WhatsApp | O148: Price hook | P148: Price v4 | Q148: https://gardensuite.in/w/face-weight-499 | T148: Not sent | U148: Unknown | V148: Unknown | W148: Not offered | X148: =IF(AND(R148<>"",OR(U148="No reply",U148="Unknown")),R148+2,"") | Z148: Open | AA148: =IF(L148="Hold","Do not send",IF(T148="Not sent","Send WhatsApp",IF(U148="Demo booked","Prepare demo",IF(W148="Booked","Prepare demo",IF(AND(X148<>"",Y148=""),"Send follow-up","Review"))))) -> Do not send | AC148: Imported from extract_garden. Confidence: Low. Parsed from Assam Tea Directory row, verify before sending | AD148: =IF(AA148="Prepare demo",1,IF(AA148="Send follow-up",2,IF(AA148="Send WhatsApp",3,IF(AA148="Review",4,IF(AA148="Do not send",9,5))))) -> 9 | AE148: =IF(M148="High",1,IF(M148="Medium",2,IF(M148="Normal",3,IF(M148="Hold",9,4)))) -> 9 | AF148: =IF(T148="Read",1,IF(T148="Delivered",2,IF(T148="Sent",3,IF(T148="Not sent",4,IF(T148="Failed",9,5))))) -> 4 | AG148: =IF(U148="Demo booked",1,IF(U148="Interested",2,IF(U148="Replied",3,IF(U148="No reply",5,IF(U148="Not interested",8,IF(U148="Bad number",9,6)))))) -> 6 | AH148: =AD148*1000+AN148*100+AE148*10+AG148 -> 9596 | AI148: =MAX(IF(R148="",0,R148),IF(Y148="",0,Y148)) -> 0 | AJ148: =IF(AND(X148<>"",Y148="",X148<TODAY()),"Overdue",IF(AND(X148<>"",Y148="",X148=TODAY()),"Due today",IF(Y148<>"","Follow-up sent",""))) | AK148: Assam Tea Directory | AL148: Parsed directory row | AM148: Low confidence: verify before sending | AN148: 5 | AO148: https://wa.me/919954229915 | AP148: Unchecked
A149: GSW172 | B149: Imported contact | D149: 9435158600 | F149: Imported - Low | H149: 46161 | I149: Parsed from Assam Tea Directory row, verify before sending | J149: Source: Tea-Directory-Assam.xls::Worksheet | K149: =IF(LEN(D149)=10,"OK","Check") -> OK | L149: Hold | M149: =IF(L149="Hold","Hold",IF(IFERROR(E149,0)>=200,"High",IF(IFERROR(E149,0)>=100,"Medium","Normal"))) -> Hold | N149: Face + Weight Rs. 499 WhatsApp | O149: Price hook | P149: Price v4 | Q149: https://gardensuite.in/w/face-weight-499 | T149: Not sent | U149: Unknown | V149: Unknown | W149: Not offered | X149: =IF(AND(R149<>"",OR(U149="No reply",U149="Unknown")),R149+2,"") | Z149: Open | AA149: =IF(L149="Hold","Do not send",IF(T149="Not sent","Send WhatsApp",IF(U149="Demo booked","Prepare demo",IF(W149="Booked","Prepare demo",IF(AND(X149<>"",Y149=""),"Send follow-up","Review"))))) -> Do not send | AC149: Imported from extract_garden. Confidence: Low. Parsed from Assam Tea Directory row, verify before sending | AD149: =IF(AA149="Prepare demo",1,IF(AA149="Send follow-up",2,IF(AA149="Send WhatsApp",3,IF(AA149="Review",4,IF(AA149="Do not send",9,5))))) -> 9 | AE149: =IF(M149="High",1,IF(M149="Medium",2,IF(M149="Normal",3,IF(M149="Hold",9,4)))) -> 9 | AF149: =IF(T149="Read",1,IF(T149="Delivered",2,IF(T149="Sent",3,IF(T149="Not sent",4,IF(T149="Failed",9,5))))) -> 4 | AG149: =IF(U149="Demo booked",1,IF(U149="Interested",2,IF(U149="Replied",3,IF(U149="No reply",5,IF(U149="Not interested",8,IF(U149="Bad number",9,6)))))) -> 6 | AH149: =AD149*1000+AN149*100+AE149*10+AG149 -> 9596 | AI149: =MAX(IF(R149="",0,R149),IF(Y149="",0,Y149)) -> 0 | AJ149: =IF(AND(X149<>"",Y149="",X149<TODAY()),"Overdue",IF(AND(X149<>"",Y149="",X149=TODAY()),"Due today",IF(Y149<>"","Follow-up sent",""))) | AK149: Assam Tea Directory | AL149: Parsed directory row | AM149: Low confidence: verify before sending | AN149: 5 | AO149: https://wa.me/919435158600 | AP149: Unchecked
A150: GSW173 | B150: Imported contact | D150: 9954215784 | F150: Imported - Low | H150: 46161 | I150: Parsed from Assam Tea Directory row, verify before sending | J150: Source: Tea-Directory-Assam.xls::Worksheet | K150: =IF(LEN(D150)=10,"OK","Check") -> OK | L150: Hold | M150: =IF(L150="Hold","Hold",IF(IFERROR(E150,0)>=200,"High",IF(IFERROR(E150,0)>=100,"Medium","Normal"))) -> Hold | N150: Face + Weight Rs. 499 WhatsApp | O150: Price hook | P150: Price v4 | Q150: https://gardensuite.in/w/face-weight-499 | T150: Not sent | U150: Unknown | V150: Unknown | W150: Not offered | X150: =IF(AND(R150<>"",OR(U150="No reply",U150="Unknown")),R150+2,"") | Z150: Open | AA150: =IF(L150="Hold","Do not send",IF(T150="Not sent","Send WhatsApp",IF(U150="Demo booked","Prepare demo",IF(W150="Booked","Prepare demo",IF(AND(X150<>"",Y150=""),"Send follow-up","Review"))))) -> Do not send | AC150: Imported from extract_garden. Confidence: Low. Parsed from Assam Tea Directory row, verify before sending | AD150: =IF(AA150="Prepare demo",1,IF(AA150="Send follow-up",2,IF(AA150="Send WhatsApp",3,IF(AA150="Review",4,IF(AA150="Do not send",9,5))))) -> 9 | AE150: =IF(M150="High",1,IF(M150="Medium",2,IF(M150="Normal",3,IF(M150="Hold",9,4)))) -> 9 | AF150: =IF(T150="Read",1,IF(T150="Delivered",2,IF(T150="Sent",3,IF(T150="Not sent",4,IF(T150="Failed",9,5))))) -> 4 | AG150: =IF(U150="Demo booked",1,IF(U150="Interested",2,IF(U150="Replied",3,IF(U150="No reply",5,IF(U150="Not interested",8,IF(U150="Bad number",9,6)))))) -> 6 | AH150: =AD150*1000+AN150*100+AE150*10+AG150 -> 9596 | AI150: =MAX(IF(R150="",0,R150),IF(Y150="",0,Y150)) -> 0 | AJ150: =IF(AND(X150<>"",Y150="",X150<TODAY()),"Overdue",IF(AND(X150<>"",Y150="",X150=TODAY()),"Due today",IF(Y150<>"","Follow-up sent",""))) | AK150: Assam Tea Directory | AL150: Parsed directory row | AM150: Low confidence: verify before sending | AN150: 5 | AO150: https://wa.me/919954215784 | AP150: Unchecked
A151: GSW174 | B151: Imported contact | D151: 9435525015 | F151: Imported - Low | H151: 46161 | I151: Parsed from Assam Tea Directory row, verify before sending | J151: Source: Tea-Directory-Assam.xls::Worksheet | K151: =IF(LEN(D151)=10,"OK","Check") -> OK | L151: Hold | M151: =IF(L151="Hold","Hold",IF(IFERROR(E151,0)>=200,"High",IF(IFERROR(E151,0)>=100,"Medium","Normal"))) -> Hold | N151: Face + Weight Rs. 499 WhatsApp | O151: Price hook | P151: Price v4 | Q151: https://gardensuite.in/w/face-weight-499 | T151: Not sent | U151: Unknown | V151: Unknown | W151: Not offered | X151: =IF(AND(R151<>"",OR(U151="No reply",U151="Unknown")),R151+2,"") | Z151: Open | AA151: =IF(L151="Hold","Do not send",IF(T151="Not sent","Send WhatsApp",IF(U151="Demo booked","Prepare demo",IF(W151="Booked","Prepare demo",IF(AND(X151<>"",Y151=""),"Send follow-up","Review"))))) -> Do not send | AC151: Imported from extract_garden. Confidence: Low. Parsed from Assam Tea Directory row, verify before sending | AD151: =IF(AA151="Prepare demo",1,IF(AA151="Send follow-up",2,IF(AA151="Send WhatsApp",3,IF(AA151="Review",4,IF(AA151="Do not send",9,5))))) -> 9 | AE151: =IF(M151="High",1,IF(M151="Medium",2,IF(M151="Normal",3,IF(M151="Hold",9,4)))) -> 9 | AF151: =IF(T151="Read",1,IF(T151="Delivered",2,IF(T151="Sent",3,IF(T151="Not sent",4,IF(T151="Failed",9,5))))) -> 4 | AG151: =IF(U151="Demo booked",1,IF(U151="Interested",2,IF(U151="Replied",3,IF(U151="No reply",5,IF(U151="Not interested",8,IF(U151="Bad number",9,6)))))) -> 6 | AH151: =AD151*1000+AN151*100+AE151*10+AG151 -> 9596 | AI151: =MAX(IF(R151="",0,R151),IF(Y151="",0,Y151)) -> 0 | AJ151: =IF(AND(X151<>"",Y151="",X151<TODAY()),"Overdue",IF(AND(X151<>"",Y151="",X151=TODAY()),"Due today",IF(Y151<>"","Follow-up sent",""))) | AK151: Assam Tea Directory | AL151: Parsed directory row | AM151: Low confidence: verify before sending | AN151: 5 | AO151: https://wa.me/919435525015 | AP151: Unchecked
A152: GSW175 | B152: Imported contact | D152: 9435139980 | F152: Imported - Low | H152: 46161 | I152: Parsed from Assam Tea Directory row, verify before sending | J152: Source: Tea-Directory-Assam.xls::Worksheet | K152: =IF(LEN(D152)=10,"OK","Check") -> OK | L152: Hold | M152: =IF(L152="Hold","Hold",IF(IFERROR(E152,0)>=200,"High",IF(IFERROR(E152,0)>=100,"Medium","Normal"))) -> Hold | N152: Face + Weight Rs. 499 WhatsApp | O152: Price hook | P152: Price v4 | Q152: https://gardensuite.in/w/face-weight-499 | T152: Not sent | U152: Unknown | V152: Unknown | W152: Not offered | X152: =IF(AND(R152<>"",OR(U152="No reply",U152="Unknown")),R152+2,"") | Z152: Open | AA152: =IF(L152="Hold","Do not send",IF(T152="Not sent","Send WhatsApp",IF(U152="Demo booked","Prepare demo",IF(W152="Booked","Prepare demo",IF(AND(X152<>"",Y152=""),"Send follow-up","Review"))))) -> Do not send | AC152: Imported from extract_garden. Confidence: Low. Parsed from Assam Tea Directory row, verify before sending | AD152: =IF(AA152="Prepare demo",1,IF(AA152="Send follow-up",2,IF(AA152="Send WhatsApp",3,IF(AA152="Review",4,IF(AA152="Do not send",9,5))))) -> 9 | AE152: =IF(M152="High",1,IF(M152="Medium",2,IF(M152="Normal",3,IF(M152="Hold",9,4)))) -> 9 | AF152: =IF(T152="Read",1,IF(T152="Delivered",2,IF(T152="Sent",3,IF(T152="Not sent",4,IF(T152="Failed",9,5))))) -> 4 | AG152: =IF(U152="Demo booked",1,IF(U152="Interested",2,IF(U152="Replied",3,IF(U152="No reply",5,IF(U152="Not interested",8,IF(U152="Bad number",9,6)))))) -> 6 | AH152: =AD152*1000+AN152*100+AE152*10+AG152 -> 9596 | AI152: =MAX(IF(R152="",0,R152),IF(Y152="",0,Y152)) -> 0 | AJ152: =IF(AND(X152<>"",Y152="",X152<TODAY()),"Overdue",IF(AND(X152<>"",Y152="",X152=TODAY()),"Due today",IF(Y152<>"","Follow-up sent",""))) | AK152: Assam Tea Directory | AL152: Parsed directory row | AM152: Low confidence: verify before sending | AN152: 5 | AO152: https://wa.me/919435139980 | AP152: Unchecked
A153: GSW176 | B153: Imported contact | D153: 9954499218 | F153: Imported - Low | H153: 46161 | I153: Parsed from Assam Tea Directory row, verify before sending | J153: Source: Tea-Directory-Assam.xls::Worksheet | K153: =IF(LEN(D153)=10,"OK","Check") -> OK | L153: Hold | M153: =IF(L153="Hold","Hold",IF(IFERROR(E153,0)>=200,"High",IF(IFERROR(E153,0)>=100,"Medium","Normal"))) -> Hold | N153: Face + Weight Rs. 499 WhatsApp | O153: Price hook | P153: Price v4 | Q153: https://gardensuite.in/w/face-weight-499 | T153: Not sent | U153: Unknown | V153: Unknown | W153: Not offered | X153: =IF(AND(R153<>"",OR(U153="No reply",U153="Unknown")),R153+2,"") | Z153: Open | AA153: =IF(L153="Hold","Do not send",IF(T153="Not sent","Send WhatsApp",IF(U153="Demo booked","Prepare demo",IF(W153="Booked","Prepare demo",IF(AND(X153<>"",Y153=""),"Send follow-up","Review"))))) -> Do not send | AC153: Imported from extract_garden. Confidence: Low. Parsed from Assam Tea Directory row, verify before sending | AD153: =IF(AA153="Prepare demo",1,IF(AA153="Send follow-up",2,IF(AA153="Send WhatsApp",3,IF(AA153="Review",4,IF(AA153="Do not send",9,5))))) -> 9 | AE153: =IF(M153="High",1,IF(M153="Medium",2,IF(M153="Normal",3,IF(M153="Hold",9,4)))) -> 9 | AF153: =IF(T153="Read",1,IF(T153="Delivered",2,IF(T153="Sent",3,IF(T153="Not sent",4,IF(T153="Failed",9,5))))) -> 4 | AG153: =IF(U153="Demo booked",1,IF(U153="Interested",2,IF(U153="Replied",3,IF(U153="No reply",5,IF(U153="Not interested",8,IF(U153="Bad number",9,6)))))) -> 6 | AH153: =AD153*1000+AN153*100+AE153*10+AG153 -> 9596 | AI153: =MAX(IF(R153="",0,R153),IF(Y153="",0,Y153)) -> 0 | AJ153: =IF(AND(X153<>"",Y153="",X153<TODAY()),"Overdue",IF(AND(X153<>"",Y153="",X153=TODAY()),"Due today",IF(Y153<>"","Follow-up sent",""))) | AK153: Assam Tea Directory | AL153: Parsed directory row | AM153: Low confidence: verify before sending | AN153: 5 | AO153: https://wa.me/919954499218 | AP153: Unchecked
... A160: GSW183 | B160: Imported contact | D160: 9678797326 | F160: Imported - Low | H160: 46161 | I160: Parsed from Assam Tea Directory row, verify before sending | J160: Source: Tea-Directory-Assam.xls::Worksheet | K160: =IF(LEN(D160)=10,"OK","Check") -> OK | L160: Hold | M160: =IF(L160="Hold","Hold",IF(IFERROR(E160,0)>=200,"High",IF(IFERROR(E160,0)>=100,"Medium","Normal"))) -> Hold | N160: Face + Weight Rs. 499 WhatsApp | O160: Price hook | P160: Price v4 | Q160: https://gardensuite.in/w/face-weight-499 | T160: Not sent | U160: Unknown | V160: Unknown | W160: Not offered | X160: =IF(AND(R160<>"",OR(U160="No reply",U160="Unknown")),R160+2,"") | Z160: Open | AA160: =IF(L160="Hold","Do not send",IF(T160="Not sent","Send WhatsApp",IF(U160="Demo booked","Prepare demo",IF(W160="Booked","Prepare demo",IF(AND(X160<>"",Y160=""),"Send follow-up","Review"))))) -> Do not send | AC160: Imported from extract_garden. Confidence: Low. Parsed from Assam Tea Directory row, verify before sending | AD160: =IF(AA160="Prepare demo",1,IF(AA160="Send follow-up",2,IF(AA160="Send WhatsApp",3,IF(AA160="Review",4,IF(AA160="Do not send",9,5))))) -> 9 | AE160: =IF(M160="High",1,IF(M160="Medium",2,IF(M160="Normal",3,IF(M160="Hold",9,4)))) -> 9 | AF160: =IF(T160="Read",1,IF(T160="Delivered",2,IF(T160="Sent",3,IF(T160="Not sent",4,IF(T160="Failed",9,5))))) -> 4 | AG160: =IF(U160="Demo booked",1,IF(U160="Interested",2,IF(U160="Replied",3,IF(U160="No reply",5,IF(U160="Not interested",8,IF(U160="Bad number",9,6)))))) -> 6 | AH160: =AD160*1000+AN160*100+AE160*10+AG160 -> 9596 | AI160: =MAX(IF(R160="",0,R160),IF(Y160="",0,Y160)) -> 0 | AJ160: =IF(AND(X160<>"",Y160="",X160<TODAY()),"Overdue",IF(AND(X160<>"",Y160="",X160=TODAY()),"Due today",IF(Y160<>"","Follow-up sent",""))) | AK160: Assam Tea Directory | AL160: Parsed directory row | AM160: Low confidence: verify before sending | AN160: 5 | AO160: https://wa.me/919678797326 | AP160: Unchecked
A161: GSW184 | B161: OUPHULIACHARIALI, DIST: CO | C161: OUPHULIACHARIALI, DIST: CO | D161: 9831171005 | F161: Imported - Low | H161: 46161 | I161: Parsed from Assam Tea Directory row, verify before sending | J161: Source: Tea-Directory-Assam.xls::Worksheet | K161: =IF(LEN(D161)=10,"OK","Check") -> OK | L161: Hold | M161: =IF(L161="Hold","Hold",IF(IFERROR(E161,0)>=200,"High",IF(IFERROR(E161,0)>=100,"Medium","Normal"))) -> Hold | N161: Face + Weight Rs. 499 WhatsApp | O161: Price hook | P161: Price v4 | Q161: https://gardensuite.in/w/face-weight-499 | T161: Not sent | U161: Unknown | V161: Unknown | W161: Not offered | X161: =IF(AND(R161<>"",OR(U161="No reply",U161="Unknown")),R161+2,"") | Z161: Open | AA161: =IF(L161="Hold","Do not send",IF(T161="Not sent","Send WhatsApp",IF(U161="Demo booked","Prepare demo",IF(W161="Booked","Prepare demo",IF(AND(X161<>"",Y161=""),"Send follow-up","Review"))))) -> Do not send | AC161: Imported from extract_garden. Confidence: Low. Parsed from Assam Tea Directory row, verify before sending | AD161: =IF(AA161="Prepare demo",1,IF(AA161="Send follow-up",2,IF(AA161="Send WhatsApp",3,IF(AA161="Review",4,IF(AA161="Do not send",9,5))))) -> 9 | AE161: =IF(M161="High",1,IF(M161="Medium",2,IF(M161="Normal",3,IF(M161="Hold",9,4)))) -> 9 | AF161: =IF(T161="Read",1,IF(T161="Delivered",2,IF(T161="Sent",3,IF(T161="Not sent",4,IF(T161="Failed",9,5))))) -> 4 | AG161: =IF(U161="Demo booked",1,IF(U161="Interested",2,IF(U161="Replied",3,IF(U161="No reply",5,IF(U161="Not interested",8,IF(U161="Bad number",9,6)))))) -> 6 | AH161: =AD161*1000+AN161*100+AE161*10+AG161 -> 9596 | AI161: =MAX(IF(R161="",0,R161),IF(Y161="",0,Y161)) -> 0 | AJ161: =IF(AND(X161<>"",Y161="",X161<TODAY()),"Overdue",IF(AND(X161<>"",Y161="",X161=TODAY()),"Due today",IF(Y161<>"","Follow-up sent",""))) | AK161: Assam Tea Directory | AL161: Parsed directory row | AM161: Low confidence: verify before sending | AN161: 5 | AO161: https://wa.me/919831171005 | AP161: Unchecked
A162: GSW185 | B162: Imported contact | D162: 9854178350 | F162: Imported - Low | H162: 46161 | I162: Parsed from Assam Tea Directory row, verify before sending | J162: Source: Tea-Directory-Assam.xls::Worksheet | K162: =IF(LEN(D162)=10,"OK","Check") -> OK | L162: Hold | M162: =IF(L162="Hold","Hold",IF(IFERROR(E162,0)>=200,"High",IF(IFERROR(E162,0)>=100,"Medium","Normal"))) -> Hold | N162: Face + Weight Rs. 499 WhatsApp | O162: Price hook | P162: Price v4 | Q162: https://gardensuite.in/w/face-weight-499 | T162: Not sent | U162: Unknown | V162: Unknown | W162: Not offered | X162: =IF(AND(R162<>"",OR(U162="No reply",U162="Unknown")),R162+2,"") | Z162: Open | AA162: =IF(L162="Hold","Do not send",IF(T162="Not sent","Send WhatsApp",IF(U162="Demo booked","Prepare demo",IF(W162="Booked","Prepare demo",IF(AND(X162<>"",Y162=""),"Send follow-up","Review"))))) -> Do not send | AC162: Imported from extract_garden. Confidence: Low. Parsed from Assam Tea Directory row, verify before sending | AD162: =IF(AA162="Prepare demo",1,IF(AA162="Send follow-up",2,IF(AA162="Send WhatsApp",3,IF(AA162="Review",4,IF(AA162="Do not send",9,5))))) -> 9 | AE162: =IF(M162="High",1,IF(M162="Medium",2,IF(M162="Normal",3,IF(M162="Hold",9,4)))) -> 9 | AF162: =IF(T162="Read",1,IF(T162="Delivered",2,IF(T162="Sent",3,IF(T162="Not sent",4,IF(T162="Failed",9,5))))) -> 4 | AG162: =IF(U162="Demo booked",1,IF(U162="Interested",2,IF(U162="Replied",3,IF(U162="No reply",5,IF(U162="Not interested",8,IF(U162="Bad number",9,6)))))) -> 6 | AH162: =AD162*1000+AN162*100+AE162*10+AG162 -> 9596 | AI162: =MAX(IF(R162="",0,R162),IF(Y162="",0,Y162)) -> 0 | AJ162: =IF(AND(X162<>"",Y162="",X162<TODAY()),"Overdue",IF(AND(X162<>"",Y162="",X162=TODAY()),"Due today",IF(Y162<>"","Follow-up sent",""))) | AK162: Assam Tea Directory | AL162: Parsed directory row | AM162: Low confidence: verify before sending | AN162: 5 | AO162: https://wa.me/919854178350 | AP162: Unchecked
A163: GSW186 | B163: Imported contact | D163: 9435170877 | F163: Imported - Low | H163: 46161 | I163: Parsed from Assam Tea Directory row, verify before sending | J163: Source: Tea-Directory-Assam.xls::Worksheet | K163: =IF(LEN(D163)=10,"OK","Check") -> OK | L163: Hold | M163: =IF(L163="Hold","Hold",IF(IFERROR(E163,0)>=200,"High",IF(IFERROR(E163,0)>=100,"Medium","Normal"))) -> Hold | N163: Face + Weight Rs. 499 WhatsApp | O163: Price hook | P163: Price v4 | Q163: https://gardensuite.in/w/face-weight-499 | T163: Not sent | U163: Unknown | V163: Unknown | W163: Not offered | X163: =IF(AND(R163<>"",OR(U163="No reply",U163="Unknown")),R163+2,"") | Z163: Open | AA163: =IF(L163="Hold","Do not send",IF(T163="Not sent","Send WhatsApp",IF(U163="Demo booked","Prepare demo",IF(W163="Booked","Prepare demo",IF(AND(X163<>"",Y163=""),"Send follow-up","Review"))))) -> Do not send | AC163: Imported from extract_garden. Confidence: Low. Parsed from Assam Tea Directory row, verify before sending | AD163: =IF(AA163="Prepare demo",1,IF(AA163="Send follow-up",2,IF(AA163="Send WhatsApp",3,IF(AA163="Review",4,IF(AA163="Do not send",9,5))))) -> 9 | AE163: =IF(M163="High",1,IF(M163="Medium",2,IF(M163="Normal",3,IF(M163="Hold",9,4)))) -> 9 | AF163: =IF(T163="Read",1,IF(T163="Delivered",2,IF(T163="Sent",3,IF(T163="Not sent",4,IF(T163="Failed",9,5))))) -> 4 | AG163: =IF(U163="Demo booked",1,IF(U163="Interested",2,IF(U163="Replied",3,IF(U163="No reply",5,IF(U163="Not interested",8,IF(U163="Bad number",9,6)))))) -> 6 | AH163: =AD163*1000+AN163*100+AE163*10+AG163 -> 9596 | AI163: =MAX(IF(R163="",0,R163),IF(Y163="",0,Y163)) -> 0 | AJ163: =IF(AND(X163<>"",Y163="",X163<TODAY()),"Overdue",IF(AND(X163<>"",Y163="",X163=TODAY()),"Due today",IF(Y163<>"","Follow-up sent",""))) | AK163: Assam Tea Directory | AL163: Parsed directory row | AM163: Low confidence: verify before sending | AN163: 5 | AO163: https://wa.me/919435170877 | AP163: Unchecked
A164: GSW187 | B164: Imported contact | D164: 9435134829 | F164: Imported - Low | H164: 46161 | I164: Parsed from Assam Tea Directory row, verify before sending | J164: Source: Tea-Directory-Assam.xls::Worksheet | K164: =IF(LEN(D164)=10,"OK","Check") -> OK | L164: Hold | M164: =IF(L164="Hold","Hold",IF(IFERROR(E164,0)>=200,"High",IF(IFERROR(E164,0)>=100,"Medium","Normal"))) -> Hold | N164: Face + Weight Rs. 499 WhatsApp | O164: Price hook | P164: Price v4 | Q164: https://gardensuite.in/w/face-weight-499 | T164: Not sent | U164: Unknown | V164: Unknown | W164: Not offered | X164: =IF(AND(R164<>"",OR(U164="No reply",U164="Unknown")),R164+2,"") | Z164: Open | AA164: =IF(L164="Hold","Do not send",IF(T164="Not sent","Send WhatsApp",IF(U164="Demo booked","Prepare demo",IF(W164="Booked","Prepare demo",IF(AND(X164<>"",Y164=""),"Send follow-up","Review"))))) -> Do not send | AC164: Imported from extract_garden. Confidence: Low. Parsed from Assam Tea Directory row, verify before sending | AD164: =IF(AA164="Prepare demo",1,IF(AA164="Send follow-up",2,IF(AA164="Send WhatsApp",3,IF(AA164="Review",4,IF(AA164="Do not send",9,5))))) -> 9 | AE164: =IF(M164="High",1,IF(M164="Medium",2,IF(M164="Normal",3,IF(M164="Hold",9,4)))) -> 9 | AF164: =IF(T164="Read",1,IF(T164="Delivered",2,IF(T164="Sent",3,IF(T164="Not sent",4,IF(T164="Failed",9,5))))) -> 4 | AG164: =IF(U164="Demo booked",1,IF(U164="Interested",2,IF(U164="Replied",3,IF(U164="No reply",5,IF(U164="Not interested",8,IF(U164="Bad number",9,6)))))) -> 6 | AH164: =AD164*1000+AN164*100+AE164*10+AG164 -> 9596 | AI164: =MAX(IF(R164="",0,R164),IF(Y164="",0,Y164)) -> 0 | AJ164: =IF(AND(X164<>"",Y164="",X164<TODAY()),"Overdue",IF(AND(X164<>"",Y164="",X164=TODAY()),"Due today",IF(Y164<>"","Follow-up sent",""))) | AK164: Assam Tea Directory | AL164: Parsed directory row | AM164: Low confidence: verify before sending | AN164: 5 | AO164: https://wa.me/919435134829 | AP164: Unchecked
A165: GSW188 | B165: Imported contact | D165: 9435532528 | F165: Imported - Low | H165: 46161 | I165: Parsed from Assam Tea Directory row, verify before sending | J165: Source: Tea-Directory-Assam.xls::Worksheet | K165: =IF(LEN(D165)=10,"OK","Check") -> OK | L165: Hold | M165: =IF(L165="Hold","Hold",IF(IFERROR(E165,0)>=200,"High",IF(IFERROR(E165,0)>=100,"Medium","Normal"))) -> Hold | N165: Face + Weight Rs. 499 WhatsApp | O165: Price hook | P165: Price v4 | Q165: https://gardensuite.in/w/face-weight-499 | T165: Not sent | U165: Unknown | V165: Unknown | W165: Not offered | X165: =IF(AND(R165<>"",OR(U165="No reply",U165="Unknown")),R165+2,"") | Z165: Open | AA165: =IF(L165="Hold","Do not send",IF(T165="Not sent","Send WhatsApp",IF(U165="Demo booked","Prepare demo",IF(W165="Booked","Prepare demo",IF(AND(X165<>"",Y165=""),"Send follow-up","Review"))))) -> Do not send | AC165: Imported from extract_garden. Confidence: Low. Parsed from Assam Tea Directory row, verify before sending | AD165: =IF(AA165="Prepare demo",1,IF(AA165="Send follow-up",2,IF(AA165="Send WhatsApp",3,IF(AA165="Review",4,IF(AA165="Do not send",9,5))))) -> 9 | AE165: =IF(M165="High",1,IF(M165="Medium",2,IF(M165="Normal",3,IF(M165="Hold",9,4)))) -> 9 | AF165: =IF(T165="Read",1,IF(T165="Delivered",2,IF(T165="Sent",3,IF(T165="Not sent",4,IF(T165="Failed",9,5))))) -> 4 | AG165: =IF(U165="Demo booked",1,IF(U165="Interested",2,IF(U165="Replied",3,IF(U165="No reply",5,IF(U165="Not interested",8,IF(U165="Bad number",9,6)))))) -> 6 | AH165: =AD165*1000+AN165*100+AE165*10+AG165 -> 9596 | AI165: =MAX(IF(R165="",0,R165),IF(Y165="",0,Y165)) -> 0 | AJ165: =IF(AND(X165<>"",Y165="",X165<TODAY()),"Overdue",IF(AND(X165<>"",Y165="",X165=TODAY()),"Due today",IF(Y165<>"","Follow-up sent",""))) | AK165: Assam Tea Directory | AL165: Parsed directory row | AM165: Low confidence: verify before sending | AN165: 5 | AO165: https://wa.me/919435532528 | AP165: Unchecked
A166: GSW189 | B166: Imported contact | D166: 8011668091 | F166: Imported - Low | H166: 46161 | I166: Parsed from Assam Tea Directory row, verify before sending | J166: Source: Tea-Directory-Assam.xls::Worksheet | K166: =IF(LEN(D166)=10,"OK","Check") -> OK | L166: Hold | M166: =IF(L166="Hold","Hold",IF(IFERROR(E166,0)>=200,"High",IF(IFERROR(E166,0)>=100,"Medium","Normal"))) -> Hold | N166: Face + Weight Rs. 499 WhatsApp | O166: Price hook | P166: Price v4 | Q166: https://gardensuite.in/w/face-weight-499 | T166: Not sent | U166: Unknown | V166: Unknown | W166: Not offered | X166: =IF(AND(R166<>"",OR(U166="No reply",U166="Unknown")),R166+2,"") | Z166: Open | AA166: =IF(L166="Hold","Do not send",IF(T166="Not sent","Send WhatsApp",IF(U166="Demo booked","Prepare demo",IF(W166="Booked","Prepare demo",IF(AND(X166<>"",Y166=""),"Send follow-up","Review"))))) -> Do not send | AC166: Imported from extract_garden. Confidence: Low. Parsed from Assam Tea Directory row, verify before sending | AD166: =IF(AA166="Prepare demo",1,IF(AA166="Send follow-up",2,IF(AA166="Send WhatsApp",3,IF(AA166="Review",4,IF(AA166="Do not send",9,5))))) -> 9 | AE166: =IF(M166="High",1,IF(M166="Medium",2,IF(M166="Normal",3,IF(M166="Hold",9,4)))) -> 9 | AF166: =IF(T166="Read",1,IF(T166="Delivered",2,IF(T166="Sent",3,IF(T166="Not sent",4,IF(T166="Failed",9,5))))) -> 4 | AG166: =IF(U166="Demo booked",1,IF(U166="Interested",2,IF(U166="Replied",3,IF(U166="No reply",5,IF(U166="Not interested",8,IF(U166="Bad number",9,6)))))) -> 6 | AH166: =AD166*1000+AN166*100+AE166*10+AG166 -> 9596 | AI166: =MAX(IF(R166="",0,R166),IF(Y166="",0,Y166)) -> 0 | AJ166: =IF(AND(X166<>"",Y166="",X166<TODAY()),"Overdue",IF(AND(X166<>"",Y166="",X166=TODAY()),"Due today",IF(Y166<>"","Follow-up sent",""))) | AK166: Assam Tea Directory | AL166: Parsed directory row | AM166: Low confidence: verify before sending | AN166: 5 | AO166: https://wa.me/918011668091 | AP166: Unchecked
A167: GSW190 | B167: Imported contact | D167: 9435130842 | F167: Imported - Low | H167: 46161 | I167: Parsed from Assam Tea Directory row, verify before sending | J167: Source: Tea-Directory-Assam.xls::Worksheet | K167: =IF(LEN(D167)=10,"OK","Check") -> OK | L167: Hold | M167: =IF(L167="Hold","Hold",IF(IFERROR(E167,0)>=200,"High",IF(IFERROR(E167,0)>=100,"Medium","Normal"))) -> Hold | N167: Face + Weight Rs. 499 WhatsApp | O167: Price hook | P167: Price v4 | Q167: https://gardensuite.in/w/face-weight-499 | T167: Not sent | U167: Unknown | V167: Unknown | W167: Not offered | X167: =IF(AND(R167<>"",OR(U167="No reply",U167="Unknown")),R167+2,"") | Z167: Open | AA167: =IF(L167="Hold","Do not send",IF(T167="Not sent","Send WhatsApp",IF(U167="Demo booked","Prepare demo",IF(W167="Booked","Prepare demo",IF(AND(X167<>"",Y167=""),"Send follow-up","Review"))))) -> Do not send | AC167: Imported from extract_garden. Confidence: Low. Parsed from Assam Tea Directory row, verify before sending | AD167: =IF(AA167="Prepare demo",1,IF(AA167="Send follow-up",2,IF(AA167="Send WhatsApp",3,IF(AA167="Review",4,IF(AA167="Do not send",9,5))))) -> 9 | AE167: =IF(M167="High",1,IF(M167="Medium",2,IF(M167="Normal",3,IF(M167="Hold",9,4)))) -> 9 | AF167: =IF(T167="Read",1,IF(T167="Delivered",2,IF(T167="Sent",3,IF(T167="Not sent",4,IF(T167="Failed",9,5))))) -> 4 | AG167: =IF(U167="Demo booked",1,IF(U167="Interested",2,IF(U167="Replied",3,IF(U167="No reply",5,IF(U167="Not interested",8,IF(U167="Bad number",9,6)))))) -> 6 | AH167: =AD167*1000+AN167*100+AE167*10+AG167 -> 9596 | AI167: =MAX(IF(R167="",0,R167),IF(Y167="",0,Y167)) -> 0 | AJ167: =IF(AND(X167<>"",Y167="",X167<TODAY()),"Overdue",IF(AND(X167<>"",Y167="",X167=TODAY()),"Due today",IF(Y167<>"","Follow-up sent",""))) | AK167: Assam Tea Directory | AL167: Parsed directory row | AM167: Low confidence: verify before sending | AN167: 5 | AO167: https://wa.me/919435130842 | AP167: Unchecked
A168: GSW191 | B168: Imported contact | D168: 9435335860 | F168: Imported - Low | H168: 46161 | I168: Parsed from Assam Tea Directory row, verify before sending | J168: Source: Tea-Directory-Assam.xls::Worksheet | K168: =IF(LEN(D168)=10,"OK","Check") -> OK | L168: Hold | M168: =IF(L168="Hold","Hold",IF(IFERROR(E168,0)>=200,"High",IF(IFERROR(E168,0)>=100,"Medium","Normal"))) -> Hold | N168: Face + Weight Rs. 499 WhatsApp | O168: Price hook | P168: Price v4 | Q168: https://gardensuite.in/w/face-weight-499 | T168: Not sent | U168: Unknown | V168: Unknown | W168: Not offered | X168: =IF(AND(R168<>"",OR(U168="No reply",U168="Unknown")),R168+2,"") | Z168: Open | AA168: =IF(L168="Hold","Do not send",IF(T168="Not sent","Send WhatsApp",IF(U168="Demo booked","Prepare demo",IF(W168="Booked","Prepare demo",IF(AND(X168<>"",Y168=""),"Send follow-up","Review"))))) -> Do not send | AC168: Imported from extract_garden. Confidence: Low. Parsed from Assam Tea Directory row, verify before sending | AD168: =IF(AA168="Prepare demo",1,IF(AA168="Send follow-up",2,IF(AA168="Send WhatsApp",3,IF(AA168="Review",4,IF(AA168="Do not send",9,5))))) -> 9 | AE168: =IF(M168="High",1,IF(M168="Medium",2,IF(M168="Normal",3,IF(M168="Hold",9,4)))) -> 9 | AF168: =IF(T168="Read",1,IF(T168="Delivered",2,IF(T168="Sent",3,IF(T168="Not sent",4,IF(T168="Failed",9,5))))) -> 4 | AG168: =IF(U168="Demo booked",1,IF(U168="Interested",2,IF(U168="Replied",3,IF(U168="No reply",5,IF(U168="Not interested",8,IF(U168="Bad number",9,6)))))) -> 6 | AH168: =AD168*1000+AN168*100+AE168*10+AG168 -> 9596 | AI168: =MAX(IF(R168="",0,R168),IF(Y168="",0,Y168)) -> 0 | AJ168: =IF(AND(X168<>"",Y168="",X168<TODAY()),"Overdue",IF(AND(X168<>"",Y168="",X168=TODAY()),"Due today",IF(Y168<>"","Follow-up sent",""))) | AK168: Assam Tea Directory | AL168: Parsed directory row | AM168: Low confidence: verify before sending | AN168: 5 | AO168: https://wa.me/919435335860 | AP168: Unchecked
A169: GSW192 | B169: Imported contact | D169: 9613852219 | F169: Imported - Low | H169: 46161 | I169: Parsed from Assam Tea Directory row, verify before sending | J169: Source: Tea-Directory-Assam.xls::Worksheet | K169: =IF(LEN(D169)=10,"OK","Check") -> OK | L169: Hold | M169: =IF(L169="Hold","Hold",IF(IFERROR(E169,0)>=200,"High",IF(IFERROR(E169,0)>=100,"Medium","Normal"))) -> Hold | N169: Face + Weight Rs. 499 WhatsApp | O169: Price hook | P169: Price v4 | Q169: https://gardensuite.in/w/face-weight-499 | T169: Not sent | U169: Unknown | V169: Unknown | W169: Not offered | X169: =IF(AND(R169<>"",OR(U169="No reply",U169="Unknown")),R169+2,"") | Z169: Open | AA169: =IF(L169="Hold","Do not send",IF(T169="Not sent","Send WhatsApp",IF(U169="Demo booked","Prepare demo",IF(W169="Booked","Prepare demo",IF(AND(X169<>"",Y169=""),"Send follow-up","Review"))))) -> Do not send | AC169: Imported from extract_garden. Confidence: Low. Parsed from Assam Tea Directory row, verify before sending | AD169: =IF(AA169="Prepare demo",1,IF(AA169="Send follow-up",2,IF(AA169="Send WhatsApp",3,IF(AA169="Review",4,IF(AA169="Do not send",9,5))))) -> 9 | AE169: =IF(M169="High",1,IF(M169="Medium",2,IF(M169="Normal",3,IF(M169="Hold",9,4)))) -> 9 | AF169: =IF(T169="Read",1,IF(T169="Delivered",2,IF(T169="Sent",3,IF(T169="Not sent",4,IF(T169="Failed",9,5))))) -> 4 | AG169: =IF(U169="Demo booked",1,IF(U169="Interested",2,IF(U169="Replied",3,IF(U169="No reply",5,IF(U169="Not interested",8,IF(U169="Bad number",9,6)))))) -> 6 | AH169: =AD169*1000+AN169*100+AE169*10+AG169 -> 9596 | AI169: =MAX(IF(R169="",0,R169),IF(Y169="",0,Y169)) -> 0 | AJ169: =IF(AND(X169<>"",Y169="",X169<TODAY()),"Overdue",IF(AND(X169<>"",Y169="",X169=TODAY()),"Due today",IF(Y169<>"","Follow-up sent",""))) | AK169: Assam Tea Directory | AL169: Parsed directory row | AM169: Low confidence: verify before sending | AN169: 5 | AO169: https://wa.me/919613852219 | AP169: Unchecked
A170: GSW193 | B170: Imported contact | D170: 9435158810 | F170: Imported - Low | H170: 46161 | I170: Parsed from Assam Tea Directory row, verify before sending | J170: Source: Tea-Directory-Assam.xls::Worksheet | K170: =IF(LEN(D170)=10,"OK","Check") -> OK | L170: Hold | M170: =IF(L170="Hold","Hold",IF(IFERROR(E170,0)>=200,"High",IF(IFERROR(E170,0)>=100,"Medium","Normal"))) -> Hold | N170: Face + Weight Rs. 499 WhatsApp | O170: Price hook | P170: Price v4 | Q170: https://gardensuite.in/w/face-weight-499 | T170: Not sent | U170: Unknown | V170: Unknown | W170: Not offered | X170: =IF(AND(R170<>"",OR(U170="No reply",U170="Unknown")),R170+2,"") | Z170: Open | AA170: =IF(L170="Hold","Do not send",IF(T170="Not sent","Send WhatsApp",IF(U170="Demo booked","Prepare demo",IF(W170="Booked","Prepare demo",IF(AND(X170<>"",Y170=""),"Send follow-up","Review"))))) -> Do not send | AC170: Imported from extract_garden. Confidence: Low. Parsed from Assam Tea Directory row, verify before sending | AD170: =IF(AA170="Prepare demo",1,IF(AA170="Send follow-up",2,IF(AA170="Send WhatsApp",3,IF(AA170="Review",4,IF(AA170="Do not send",9,5))))) -> 9 | AE170: =IF(M170="High",1,IF(M170="Medium",2,IF(M170="Normal",3,IF(M170="Hold",9,4)))) -> 9 | AF170: =IF(T170="Read",1,IF(T170="Delivered",2,IF(T170="Sent",3,IF(T170="Not sent",4,IF(T170="Failed",9,5))))) -> 4 | AG170: =IF(U170="Demo booked",1,IF(U170="Interested",2,IF(U170="Replied",3,IF(U170="No reply",5,IF(U170="Not interested",8,IF(U170="Bad number",9,6)))))) -> 6 | AH170: =AD170*1000+AN170*100+AE170*10+AG170 -> 9596 | AI170: =MAX(IF(R170="",0,R170),IF(Y170="",0,Y170)) -> 0 | AJ170: =IF(AND(X170<>"",Y170="",X170<TODAY()),"Overdue",IF(AND(X170<>"",Y170="",X170=TODAY()),"Due today",IF(Y170<>"","Follow-up sent",""))) | AK170: Assam Tea Directory | AL170: Parsed directory row | AM170: Low confidence: verify before sending | AN170: 5 | AO170: https://wa.me/919435158810 | AP170: Unchecked
A171: GSW194 | B171: Imported contact | D171: 9433602746 | F171: Imported - Low | H171: 46161 | I171: Parsed from Assam Tea Directory row, verify before sending | J171: Source: Tea-Directory-Assam.xls::Worksheet | K171: =IF(LEN(D171)=10,"OK","Check") -> OK | L171: Hold | M171: =IF(L171="Hold","Hold",IF(IFERROR(E171,0)>=200,"High",IF(IFERROR(E171,0)>=100,"Medium","Normal"))) -> Hold | N171: Face + Weight Rs. 499 WhatsApp | O171: Price hook | P171: Price v4 | Q171: https://gardensuite.in/w/face-weight-499 | T171: Not sent | U171: Unknown | V171: Unknown | W171: Not offered | X171: =IF(AND(R171<>"",OR(U171="No reply",U171="Unknown")),R171+2,"") | Z171: Open | AA171: =IF(L171="Hold","Do not send",IF(T171="Not sent","Send WhatsApp",IF(U171="Demo booked","Prepare demo",IF(W171="Booked","Prepare demo",IF(AND(X171<>"",Y171=""),"Send follow-up","Review"))))) -> Do not send | AC171: Imported from extract_garden. Confidence: Low. Parsed from Assam Tea Directory row, verify before sending | AD171: =IF(AA171="Prepare demo",1,IF(AA171="Send follow-up",2,IF(AA171="Send WhatsApp",3,IF(AA171="Review",4,IF(AA171="Do not send",9,5))))) -> 9 | AE171: =IF(M171="High",1,IF(M171="Medium",2,IF(M171="Normal",3,IF(M171="Hold",9,4)))) -> 9 | AF171: =IF(T171="Read",1,IF(T171="Delivered",2,IF(T171="Sent",3,IF(T171="Not sent",4,IF(T171="Failed",9,5))))) -> 4 | AG171: =IF(U171="Demo booked",1,IF(U171="Interested",2,IF(U171="Replied",3,IF(U171="No reply",5,IF(U171="Not interested",8,IF(U171="Bad number",9,6)))))) -> 6 | AH171: =AD171*1000+AN171*100+AE171*10+AG171 -> 9596 | AI171: =MAX(IF(R171="",0,R171),IF(Y171="",0,Y171)) -> 0 | AJ171: =IF(AND(X171<>"",Y171="",X171<TODAY()),"Overdue",IF(AND(X171<>"",Y171="",X171=TODAY()),"Due today",IF(Y171<>"","Follow-up sent",""))) | AK171: Assam Tea Directory | AL171: Parsed directory row | AM171: Low confidence: verify before sending | AN171: 5 | AO171: https://wa.me/919433602746 | AP171: Unchecked
A172: GSW195 | B172: Imported contact | D172: 9435053610 | F172: Imported - Low | H172: 46161 | I172: Parsed from Assam Tea Directory row, verify before sending | J172: Source: Tea-Directory-Assam.xls::Worksheet | K172: =IF(LEN(D172)=10,"OK","Check") -> OK | L172: Hold | M172: =IF(L172="Hold","Hold",IF(IFERROR(E172,0)>=200,"High",IF(IFERROR(E172,0)>=100,"Medium","Normal"))) -> Hold | N172: Face + Weight Rs. 499 WhatsApp | O172: Price hook | P172: Price v4 | Q172: https://gardensuite.in/w/face-weight-499 | T172: Not sent | U172: Unknown | V172: Unknown | W172: Not offered | X172: =IF(AND(R172<>"",OR(U172="No reply",U172="Unknown")),R172+2,"") | Z172: Open | AA172: =IF(L172="Hold","Do not send",IF(T172="Not sent","Send WhatsApp",IF(U172="Demo booked","Prepare demo",IF(W172="Booked","Prepare demo",IF(AND(X172<>"",Y172=""),"Send follow-up","Review"))))) -> Do not send | AC172: Imported from extract_garden. Confidence: Low. Parsed from Assam Tea Directory row, verify before sending | AD172: =IF(AA172="Prepare demo",1,IF(AA172="Send follow-up",2,IF(AA172="Send WhatsApp",3,IF(AA172="Review",4,IF(AA172="Do not send",9,5))))) -> 9 | AE172: =IF(M172="High",1,IF(M172="Medium",2,IF(M172="Normal",3,IF(M172="Hold",9,4)))) -> 9 | AF172: =IF(T172="Read",1,IF(T172="Delivered",2,IF(T172="Sent",3,IF(T172="Not sent",4,IF(T172="Failed",9,5))))) -> 4 | AG172: =IF(U172="Demo booked",1,IF(U172="Interested",2,IF(U172="Replied",3,IF(U172="No reply",5,IF(U172="Not interested",8,IF(U172="Bad number",9,6)))))) -> 6 | AH172: =AD172*1000+AN172*100+AE172*10+AG172 -> 9596 | AI172: =MAX(IF(R172="",0,R172),IF(Y172="",0,Y172)) -> 0 | AJ172: =IF(AND(X172<>"",Y172="",X172<TODAY()),"Overdue",IF(AND(X172<>"",Y172="",X172=TODAY()),"Due today",IF(Y172<>"","Follow-up sent",""))) | AK172: Assam Tea Directory | AL172: Parsed directory row | AM172: Low confidence: verify before sending | AN172: 5 | AO172: https://wa.me/919435053610 | AP172: Unchecked
A173: GSW196 | B173: Imported contact | D173: 9435054366 | F173: Imported - Low | H173: 46161 | I173: Parsed from Assam Tea Directory row, verify before sending | J173: Source: Tea-Directory-Assam.xls::Worksheet | K173: =IF(LEN(D173)=10,"OK","Check") -> OK | L173: Hold | M173: =IF(L173="Hold","Hold",IF(IFERROR(E173,0)>=200,"High",IF(IFERROR(E173,0)>=100,"Medium","Normal"))) -> Hold | N173: Face + Weight Rs. 499 WhatsApp | O173: Price hook | P173: Price v4 | Q173: https://gardensuite.in/w/face-weight-499 | T173: Not sent | U173: Unknown | V173: Unknown | W173: Not offered | X173: =IF(AND(R173<>"",OR(U173="No reply",U173="Unknown")),R173+2,"") | Z173: Open | AA173: =IF(L173="Hold","Do not send",IF(T173="Not sent","Send WhatsApp",IF(U173="Demo booked","Prepare demo",IF(W173="Booked","Prepare demo",IF(AND(X173<>"",Y173=""),"Send follow-up","Review"))))) -> Do not send | AC173: Imported from extract_garden. Confidence: Low. Parsed from Assam Tea Directory row, verify before sending | AD173: =IF(AA173="Prepare demo",1,IF(AA173="Send follow-up",2,IF(AA173="Send WhatsApp",3,IF(AA173="Review",4,IF(AA173="Do not send",9,5))))) -> 9 | AE173: =IF(M173="High",1,IF(M173="Medium",2,IF(M173="Normal",3,IF(M173="Hold",9,4)))) -> 9 | AF173: =IF(T173="Read",1,IF(T173="Delivered",2,IF(T173="Sent",3,IF(T173="Not sent",4,IF(T173="Failed",9,5))))) -> 4 | AG173: =IF(U173="Demo booked",1,IF(U173="Interested",2,IF(U173="Replied",3,IF(U173="No reply",5,IF(U173="Not interested",8,IF(U173="Bad number",9,6)))))) -> 6 | AH173: =AD173*1000+AN173*100+AE173*10+AG173 -> 9596 | AI173: =MAX(IF(R173="",0,R173),IF(Y173="",0,Y173)) -> 0 | AJ173: =IF(AND(X173<>"",Y173="",X173<TODAY()),"Overdue",IF(AND(X173<>"",Y173="",X173=TODAY()),"Due today",IF(Y173<>"","Follow-up sent",""))) | AK173: Assam Tea Directory | AL173: Parsed directory row | AM173: Low confidence: verify before sending | AN173: 5 | AO173: https://wa.me/919435054366 | AP173: Unchecked
... A241: GSW264 | B241: Imported contact | D241: 9435009285 | F241: Imported - Low | H241: 46161 | I241: Parsed from Assam Tea Directory row, verify before sending | J241: Source: Tea-Directory-Assam.xls::Worksheet | K241: =IF(LEN(D241)=10,"OK","Check") -> OK | L241: Hold | M241: =IF(L241="Hold","Hold",IF(IFERROR(E241,0)>=200,"High",IF(IFERROR(E241,0)>=100,"Medium","Normal"))) -> Hold | N241: Face + Weight Rs. 499 WhatsApp | O241: Price hook | P241: Price v4 | Q241: https://gardensuite.in/w/face-weight-499 | T241: Not sent | U241: Unknown | V241: Unknown | W241: Not offered | X241: =IF(AND(R241<>"",OR(U241="No reply",U241="Unknown")),R241+2,"") | Z241: Open | AA241: =IF(L241="Hold","Do not send",IF(T241="Not sent","Send WhatsApp",IF(U241="Demo booked","Prepare demo",IF(W241="Booked","Prepare demo",IF(AND(X241<>"",Y241=""),"Send follow-up","Review"))))) -> Do not send | AC241: Imported from extract_garden. Confidence: Low. Parsed from Assam Tea Directory row, verify before sending | AD241: =IF(AA241="Prepare demo",1,IF(AA241="Send follow-up",2,IF(AA241="Send WhatsApp",3,IF(AA241="Review",4,IF(AA241="Do not send",9,5))))) -> 9 | AE241: =IF(M241="High",1,IF(M241="Medium",2,IF(M241="Normal",3,IF(M241="Hold",9,4)))) -> 9 | AF241: =IF(T241="Read",1,IF(T241="Delivered",2,IF(T241="Sent",3,IF(T241="Not sent",4,IF(T241="Failed",9,5))))) -> 4 | AG241: =IF(U241="Demo booked",1,IF(U241="Interested",2,IF(U241="Replied",3,IF(U241="No reply",5,IF(U241="Not interested",8,IF(U241="Bad number",9,6)))))) -> 6 | AH241: =AD241*1000+AN241*100+AE241*10+AG241 -> 9596 | AI241: =MAX(IF(R241="",0,R241),IF(Y241="",0,Y241)) -> 0 | AJ241: =IF(AND(X241<>"",Y241="",X241<TODAY()),"Overdue",IF(AND(X241<>"",Y241="",X241=TODAY()),"Due today",IF(Y241<>"","Follow-up sent",""))) | AK241: Assam Tea Directory | AL241: Parsed directory row | AM241: Low confidence: verify before sending | AN241: 5 | AO241: https://wa.me/919435009285 | AP241: Unchecked
A242: GSW265 | B242: ASSAM C | C242: ASSAM C | D242: 9508110819 | F242: Imported - Low | H242: 46161 | I242: Parsed from Assam Tea Directory row, verify before sending | J242: Source: Tea-Directory-Assam.xls::Worksheet | K242: =IF(LEN(D242)=10,"OK","Check") -> OK | L242: Hold | M242: =IF(L242="Hold","Hold",IF(IFERROR(E242,0)>=200,"High",IF(IFERROR(E242,0)>=100,"Medium","Normal"))) -> Hold | N242: Face + Weight Rs. 499 WhatsApp | O242: Price hook | P242: Price v4 | Q242: https://gardensuite.in/w/face-weight-499 | T242: Not sent | U242: Unknown | V242: Unknown | W242: Not offered | X242: =IF(AND(R242<>"",OR(U242="No reply",U242="Unknown")),R242+2,"") | Z242: Open | AA242: =IF(L242="Hold","Do not send",IF(T242="Not sent","Send WhatsApp",IF(U242="Demo booked","Prepare demo",IF(W242="Booked","Prepare demo",IF(AND(X242<>"",Y242=""),"Send follow-up","Review"))))) -> Do not send | AC242: Imported from extract_garden. Confidence: Low. Parsed from Assam Tea Directory row, verify before sending | AD242: =IF(AA242="Prepare demo",1,IF(AA242="Send follow-up",2,IF(AA242="Send WhatsApp",3,IF(AA242="Review",4,IF(AA242="Do not send",9,5))))) -> 9 | AE242: =IF(M242="High",1,IF(M242="Medium",2,IF(M242="Normal",3,IF(M242="Hold",9,4)))) -> 9 | AF242: =IF(T242="Read",1,IF(T242="Delivered",2,IF(T242="Sent",3,IF(T242="Not sent",4,IF(T242="Failed",9,5))))) -> 4 | AG242: =IF(U242="Demo booked",1,IF(U242="Interested",2,IF(U242="Replied",3,IF(U242="No reply",5,IF(U242="Not interested",8,IF(U242="Bad number",9,6)))))) -> 6 | AH242: =AD242*1000+AN242*100+AE242*10+AG242 -> 9596 | AI242: =MAX(IF(R242="",0,R242),IF(Y242="",0,Y242)) -> 0 | AJ242: =IF(AND(X242<>"",Y242="",X242<TODAY()),"Overdue",IF(AND(X242<>"",Y242="",X242=TODAY()),"Due today",IF(Y242<>"","Follow-up sent",""))) | AK242: Assam Tea Directory | AL242: Parsed directory row | AM242: Low confidence: verify before sending | AN242: 5 | AO242: https://wa.me/919508110819 | AP242: Unchecked
A243: GSW266 | B243: Imported contact | D243: 9435523486 | F243: Imported - Low | H243: 46161 | I243: Parsed from Assam Tea Directory row, verify before sending | J243: Source: Tea-Directory-Assam.xls::Worksheet | K243: =IF(LEN(D243)=10,"OK","Check") -> OK | L243: Hold | M243: =IF(L243="Hold","Hold",IF(IFERROR(E243,0)>=200,"High",IF(IFERROR(E243,0)>=100,"Medium","Normal"))) -> Hold | N243: Face + Weight Rs. 499 WhatsApp | O243: Price hook | P243: Price v4 | Q243: https://gardensuite.in/w/face-weight-499 | T243: Not sent | U243: Unknown | V243: Unknown | W243: Not offered | X243: =IF(AND(R243<>"",OR(U243="No reply",U243="Unknown")),R243+2,"") | Z243: Open | AA243: =IF(L243="Hold","Do not send",IF(T243="Not sent","Send WhatsApp",IF(U243="Demo booked","Prepare demo",IF(W243="Booked","Prepare demo",IF(AND(X243<>"",Y243=""),"Send follow-up","Review"))))) -> Do not send | AC243: Imported from extract_garden. Confidence: Low. Parsed from Assam Tea Directory row, verify before sending | AD243: =IF(AA243="Prepare demo",1,IF(AA243="Send follow-up",2,IF(AA243="Send WhatsApp",3,IF(AA243="Review",4,IF(AA243="Do not send",9,5))))) -> 9 | AE243: =IF(M243="High",1,IF(M243="Medium",2,IF(M243="Normal",3,IF(M243="Hold",9,4)))) -> 9 | AF243: =IF(T243="Read",1,IF(T243="Delivered",2,IF(T243="Sent",3,IF(T243="Not sent",4,IF(T243="Failed",9,5))))) -> 4 | AG243: =IF(U243="Demo booked",1,IF(U243="Interested",2,IF(U243="Replied",3,IF(U243="No reply",5,IF(U243="Not interested",8,IF(U243="Bad number",9,6)))))) -> 6 | AH243: =AD243*1000+AN243*100+AE243*10+AG243 -> 9596 | AI243: =MAX(IF(R243="",0,R243),IF(Y243="",0,Y243)) -> 0 | AJ243: =IF(AND(X243<>"",Y243="",X243<TODAY()),"Overdue",IF(AND(X243<>"",Y243="",X243=TODAY()),"Due today",IF(Y243<>"","Follow-up sent",""))) | AK243: Assam Tea Directory | AL243: Parsed directory row | AM243: Low confidence: verify before sending | AN243: 5 | AO243: https://wa.me/919435523486 | AP243: Unchecked
